city_id,city_name,state_id,state_name,location_cluster_id,location_cluster_name,Comment
51063797,Chapra,52001309,West Bengal,55000008,Kolkata V2,
51063868,Kulti,52001309,West Bengal,55000008,Kolkata V2,
51063871,Berhampore,52001309,West Bengal,55000008,Kolkata V2,
51063872,Nabadwip,52001309,West Bengal,55000008,Kolkata V2,
51063873,Krishnanagar,52001309,West Bengal,55000008,Kolkata V2,
51063874,Santipur,52001309,West Bengal,55000008,Kolkata V2,
51063875,Ranaghat,52001309,West Bengal,55000008,Kolkata V2,
51063884,Barrackpore,52001309,West Bengal,55000008,Kolkata V2,
51063887,Barasat,52001309,West Bengal,55000008,Kolkata V2,
51063891,Baranagar,52001309,West Bengal,55000008,Kolkata V2,
51063900,Basirhat,52001309,West Bengal,55000008,Kolkata V2,
51148292,Madhupur,52001309,West Bengal,55000008,Kolkata V2,
51148418,Dwarka,52001309,West Bengal,55000008,Kolkata V2,
51148484,Bilaspur,52001309,West Bengal,55000008,Kolkata V2,
51148746,Durgapur,52001309,West Bengal,55000008,Kolkata V2,
51148890,Amba,52001309,West Bengal,55000010,Mumbai V2,Remove
51149035,Bali,52001309,West Bengal,55000008,Kolkata V2,
51149348,Alipore,52001309,West Bengal,55000008,Kolkata V2,
51149351,Baduria,52001309,West Bengal,55000008,Kolkata V2,
51149359,Begampur,52001309,West Bengal,55000008,Kolkata V2,
51149361,Beldanga,52001309,West Bengal,55000008,Kolkata V2,
51149362,Belgharia,52001309,West Bengal,55000008,Kolkata V2,
51149366,Bolpur,52001309,West Bengal,55000008,Kolkata V2,
51149368,Chandipur,52001309,West Bengal,55000008,Kolkata V2,
51149374,Chittaranjan,52001309,West Bengal,55000008,Kolkata V2,
51149378,Daspur,52001309,West Bengal,55000008,Kolkata V2,
51149379,Diamond Harbour,52001309,West Bengal,55000008,Kolkata V2,
51149385,Gobardanga,52001309,West Bengal,55000008,Kolkata V2,
51149387,Habra,52001309,West Bengal,55000008,Kolkata V2,
51149399,Kakdwip,52001309,West Bengal,55000008,Kolkata V2,
51149401,Kalyani,52001309,West Bengal,55000008,Kolkata V2,
51149404,Khargram,52001309,West Bengal,55000008,Kolkata V2,
51149407,Krishnapur,52001309,West Bengal,55000008,Kolkata V2,
51149408,Lalgola,52001309,West Bengal,55000008,Kolkata V2,
51149414,Murshidabad,52001309,West Bengal,55000008,Kolkata V2,
51149415,Nabagram,52001309,West Bengal,55000008,Kolkata V2,
51149428,Sainthia,52001309,West Bengal,55000008,Kolkata V2,
51149429,Sankarpur,52001309,West Bengal,55000008,Kolkata V2,
51149434,Sitarampur,52001309,West Bengal,55000008,Kolkata V2,
51149436,Srirampur,52001309,West Bengal,55000008,Kolkata V2,
51149438,Suri,52001309,West Bengal,55000008,Kolkata V2,
51149440,Tollygunge,52001309,West Bengal,55000008,Kolkata V2,
51256274,Murarai,52001309,West Bengal,55000008,Kolkata V2,
51256293,Baruipur,52001309,West Bengal,55000008,Kolkata V2,
51256359,Shyamnagar,52001309,West Bengal,55000008,Kolkata V2,
51256363,Gaighata,52001309,West Bengal,55000008,Kolkata V2,
51259196,Nalhati,52001309,West Bengal,55000008,Kolkata V2,
51265667,Gopalganj,52001309,West Bengal,55000008,Kolkata V2,
51265973,Dhapa,52001309,West Bengal,55000008,Kolkata V2,
51265999,Kashipur,52001309,West Bengal,55000008,Kolkata V2,
51576853,Bishnupur,52001309,West Bengal,55000008,Kolkata V2,
51584264,Bajitpur,52001309,West Bengal,55000008,Kolkata V2,
51588866,Mohanpur,52001309,West Bengal,55000008,Kolkata V2,
51588934,Radhanagar,52001309,West Bengal,55000008,Kolkata V2,
51590216,Bangaon,52001309,West Bengal,55000010,Mumbai V2,Remove
51592957,Andulia,52001309,West Bengal,55000008,Kolkata V2,
51593380,Aswathtala,52001309,West Bengal,55000008,Kolkata V2,
51593396,Aswini Nagar,52001309,West Bengal,55000008,Kolkata V2,
51593563,Aturia,52001309,West Bengal,55000008,Kolkata V2,
51593600,Aushberia,52001309,West Bengal,55000008,Kolkata V2,
51593962,Ramnagar,52001309,West Bengal,55000008,Kolkata V2,
51594177,Baidyanathpur,52001309,West Bengal,55000008,Kolkata V2,
51594191,Baidyapur,52001309,West Bengal,55000008,Kolkata V2,
51594734,Bamunpukur,52001309,West Bengal,55000008,Kolkata V2,
51594750,Banagram,52001309,West Bengal,55000008,Kolkata V2,
51594810,Baneswarpur,52001309,West Bengal,55000008,Kolkata V2,
51594870,Banglani,52001309,West Bengal,55000008,Kolkata V2,
51594899,Bangur Avenue,52001309,West Bengal,55000008,Kolkata V2,
51595285,Barakartickchungri,52001309,West Bengal,55000008,Kolkata V2,
51595345,Barapahari,52001309,West Bengal,55000008,Kolkata V2,
51595410,Barbaria,52001309,West Bengal,55000008,Kolkata V2,
51595711,Basirhat College,52001309,West Bengal,55000008,Kolkata V2,
51595737,Basudebpur,52001309,West Bengal,55000008,Kolkata V2,
51595870,Bataspur,52001309,West Bengal,55000008,Kolkata V2,
51596007,Bediadanga,52001309,West Bengal,55000008,Kolkata V2,
51596021,Bedibhavan,52001309,West Bengal,55000008,Kolkata V2,
51596167,Belpukur,52001309,West Bengal,55000008,Kolkata V2,
51596331,Bhabanipur,52001309,West Bengal,55000008,Kolkata V2,
51596397,Bhadrapur,52001309,West Bengal,55000008,Kolkata V2,
51596541,Bhanderkhola,52001309,West Bengal,55000008,Kolkata V2,
51596572,Bharkata,52001309,West Bengal,55000008,Kolkata V2,
51597087,Brahmandihi,52001309,West Bengal,55000008,Kolkata V2,
51597132,Brahmanpara,52001309,West Bengal,55000008,Kolkata V2,
51597233,Brindabanpur,52001309,West Bengal,55000008,Kolkata V2,
51597447,Chakpanchuria,52001309,West Bengal,55000008,Kolkata V2,
51597579,Chandanpur,52001309,West Bengal,55000008,Kolkata V2,
51597594,Chandipur Tarapith,52001309,West Bengal,55000008,Kolkata V2,
51597612,Chanduria,52001309,West Bengal,55000008,Kolkata V2,
51597840,Chikanpara,52001309,West Bengal,55000008,Kolkata V2,
51598033,Dadpur,52001309,West Bengal,55000008,Kolkata V2,
51598290,Damdama,52001309,West Bengal,55000008,Kolkata V2,
51598435,Daulatpur,52001309,West Bengal,55000008,Kolkata V2,
51598598,Deuli,52001309,West Bengal,55000008,Kolkata V2,
51598688,Dharampur,52001309,West Bengal,55000008,Kolkata V2,
51598836,Digha,52001309,West Bengal,55000008,Kolkata V2,
51599073,East Udayrajpur,52001309,West Bengal,55000008,Kolkata V2,
51599136,Fatepur,52001309,West Bengal,55000008,Kolkata V2,
51599194,Gadigachha,52001309,West Bengal,55000008,Kolkata V2,
51599305,Ganganagar,52001309,West Bengal,55000008,Kolkata V2,
51599322,Gangasagar,52001309,West Bengal,55000008,Kolkata V2,
51599431,Gayeshpur,52001309,West Bengal,55000008,Kolkata V2,
51599598,Ghoshpur,52001309,West Bengal,55000008,Kolkata V2,
51599764,Gopalpur,52001309,West Bengal,55000008,Kolkata V2,
51599798,Gopinathpur,52001309,West Bengal,55000008,Kolkata V2,
51600132,Hatiara,52001309,West Bengal,55000008,Kolkata V2,
51600271,Hridaypur,52001309,West Bengal,55000008,Kolkata V2,
51600300,Illambazar,52001309,West Bengal,55000008,Kolkata V2,
51600382,Islampur,52001309,West Bengal,55000008,Kolkata V2,
51600416,Jadupur,52001309,West Bengal,55000008,Kolkata V2,
51600476,Jajigram,52001309,West Bengal,55000008,Kolkata V2,
51600732,Joykrishnapur,52001309,West Bengal,55000008,Kolkata V2,
51600793,Kabilpur,52001309,West Bengal,55000008,Kolkata V2,
51600977,Kalindi Housing Estate,52001309,West Bengal,55000008,Kolkata V2,
51601339,Karnamadhabpur,52001309,West Bengal,55000008,Kolkata V2,
51601382,Kasba,52001309,West Bengal,55000008,Kolkata V2,
51601743,Kholapota,52001309,West Bengal,55000008,Kolkata V2,
51601810,Kodalia,52001309,West Bengal,55000008,Kolkata V2,
51601827,Korachandigarh,52001309,West Bengal,55000008,Kolkata V2,
51601952,Kumarpur,52001309,West Bengal,55000008,Kolkata V2,
51602182,Madhaipur,52001309,West Bengal,55000008,Kolkata V2,
51602418,Mansadwip,52001309,West Bengal,55000008,Kolkata V2,
51602502,Michealnagar,52001309,West Bengal,55000008,Kolkata V2,
51602516,Milki,52001309,West Bengal,55000008,Kolkata V2,
51602546,Mitrapur,52001309,West Bengal,55000008,Kolkata V2,
51602610,Mongalganj,52001309,West Bengal,55000008,Kolkata V2,
51602627,Monoharpur,52001309,West Bengal,55000008,Kolkata V2,
51602781,Nabasan,52001309,West Bengal,55000008,Kolkata V2,
51602912,Narasinghapur,52001309,West Bengal,55000008,Kolkata V2,
51602977,Nayagram,52001309,West Bengal,55000008,Kolkata V2,
51603027,New Town,52001309,West Bengal,55000008,Kolkata V2,
51603110,Nischintapur,52001309,West Bengal,55000008,Kolkata V2,
51603441,Prafulla Kanan,52001309,West Bengal,55000008,Kolkata V2,
51603654,Rajarampur,52001309,West Bengal,55000008,Kolkata V2,
51603674,Rajarhat Gopalpur,52001309,West Bengal,55000008,Kolkata V2,
51603691,Rajnagar,52001309,West Bengal,55000008,Kolkata V2,
51603722,Rampur,52001309,West Bengal,55000008,Kolkata V2,
51603741,Rampurhat,52001309,West Bengal,55000008,Kolkata V2,
51603857,Rautara,52001309,West Bengal,55000008,Kolkata V2,
51604016,Kanakpur,52001309,West Bengal,55000008,Kolkata V2,
51604092,Sarberia,52001309,West Bengal,55000008,Kolkata V2,
51604214,Shibrampur,52001309,West Bengal,55000008,Kolkata V2,
51604250,Shyampur,52001309,West Bengal,55000008,Kolkata V2,
51604284,Simulia,52001309,West Bengal,55000008,Kolkata V2,
51604393,Haripur,52001309,West Bengal,55000008,Kolkata V2,
51604444,Sultanpur,52001309,West Bengal,55000008,Kolkata V2,
51604510,Tajpur,52001309,West Bengal,55000008,Kolkata V2,
51604734,Adampur,52001309,West Bengal,55000008,Kolkata V2,
51604745,Madanpur,52001309,West Bengal,55000008,Kolkata V2,
51604820,Vip Nagar,52001309,West Bengal,55000008,Kolkata V2,
51605304,Alampur,52001309,West Bengal,55000008,Kolkata V2,
51606621,Binodpur,52001309,West Bengal,55000008,Kolkata V2,
51607004,Jagannathpur,52001309,West Bengal,55000008,Kolkata V2,
51607307,Balia,52001309,West Bengal,55000008,Kolkata V2,
51608682,Bhimpur,52001309,West Bengal,55000008,Kolkata V2,
51617039,Khanpur,52001309,West Bengal,55000008,Kolkata V2,
51626765,Chatra,52001309,West Bengal,55000008,Kolkata V2,
51626800,Palsunda,52001309,West Bengal,55000008,Kolkata V2,
51626821,Kulgachi,52001309,West Bengal,55000008,Kolkata V2,
51626824,Baikunthapur,52001309,West Bengal,55000008,Kolkata V2,
51626829,Joynagar,52001309,West Bengal,55000008,Kolkata V2,
51626838,Birpur,52001309,West Bengal,55000008,Kolkata V2,
51626842,Takipur,52001309,West Bengal,55000008,Kolkata V2,
51626843,Atai,52001309,West Bengal,55000008,Kolkata V2,
51626875,Bagchi,52001309,West Bengal,55000008,Kolkata V2,
51626903,Choa,52001309,West Bengal,55000008,Kolkata V2,
51626926,Azimganj,52001309,West Bengal,55000008,Kolkata V2,
51626927,Shibpur,52001309,West Bengal,55000008,Kolkata V2,
51626951,Rameswarpur,52001309,West Bengal,55000008,Kolkata V2,
51626984,Chaital,52001309,West Bengal,55000008,Kolkata V2,
51626985,Gobindapur,52001309,West Bengal,55000008,Kolkata V2,
51626986,Salua,52001309,West Bengal,55000008,Kolkata V2,
51627009,Kamdebpur,52001309,West Bengal,55000008,Kolkata V2,
51627011,Mathurapur,52001309,West Bengal,55000008,Kolkata V2,
51627016,Manipur,52001309,West Bengal,55000008,Kolkata V2,
51627038,Dubrajpur,52001309,West Bengal,55000008,Kolkata V2,
51627115,Habibpur,52001309,West Bengal,55000008,Kolkata V2,
51627122,Baruipara,52001309,West Bengal,55000008,Kolkata V2,
51627142,Mukundapur,52001309,West Bengal,55000008,Kolkata V2,
51627143,Mithipur,52001309,West Bengal,55000008,Kolkata V2,
51627150,Garaimari,52001309,West Bengal,55000008,Kolkata V2,
51627208,Palashi,52001309,West Bengal,55000008,Kolkata V2,
51627216,Bhairabpur,52001309,West Bengal,55000008,Kolkata V2,
51627226,Jasaikati,52001309,West Bengal,55000008,Kolkata V2,
51627251,Kantur,52001309,West Bengal,55000008,Kolkata V2,
51627272,Ghuni,52001309,West Bengal,55000008,Kolkata V2,
51627282,Raghunathpur,52001309,West Bengal,55000008,Kolkata V2,
51627287,Mohana,52001309,West Bengal,55000014,Delhi NCR V2,Remove
51627308,Khilkapur,52001309,West Bengal,55000008,Kolkata V2,
51627332,Nurpur,52001309,West Bengal,55000008,Kolkata V2,
51627340,Paikpara,52001309,West Bengal,55000008,Kolkata V2,
51627341,Ramkrishnapur,52001309,West Bengal,55000008,Kolkata V2,
51627366,Dogachhia,52001309,West Bengal,55000008,Kolkata V2,
51627379,Hariharpara,52001309,West Bengal,55000008,Kolkata V2,
51627401,Mahalandi,52001309,West Bengal,55000008,Kolkata V2,
51627466,Barnia,52001309,West Bengal,55000008,Kolkata V2,
51627476,Lohapur,52001309,West Bengal,55000008,Kolkata V2,
51627482,Khulna,52001309,West Bengal,55000008,Kolkata V2,
51627492,Bhagirathpur,52001309,West Bengal,55000008,Kolkata V2,
51627493,Ghola,52001309,West Bengal,55000008,Kolkata V2,
51627500,Kapasdanga,52001309,West Bengal,55000008,Kolkata V2,
51627503,Hatisala,52001309,West Bengal,55000008,Kolkata V2,
51627532,Khaspur,52001309,West Bengal,55000008,Kolkata V2,
51627538,Kogram,52001309,West Bengal,55000008,Kolkata V2,
51627545,Nutangram,52001309,West Bengal,55000008,Kolkata V2,
51627556,Budhakhali,52001309,West Bengal,55000008,Kolkata V2,
51627570,Manoharpur,52001309,West Bengal,55000008,Kolkata V2,
51627573,Chandpur,52001309,West Bengal,55000008,Kolkata V2,
51627575,Jhikra,52001309,West Bengal,55000008,Kolkata V2,
51627616,Nayabad,52001309,West Bengal,55000008,Kolkata V2,
51627632,Purandarpur,52001309,West Bengal,55000008,Kolkata V2,
51627633,Tungi,52001309,West Bengal,55000008,Kolkata V2,
51627643,Bhagabatipur,52001309,West Bengal,55000008,Kolkata V2,
51627648,Narayanpur,52001309,West Bengal,55000008,Kolkata V2,
51627669,Sadarpur,52001309,West Bengal,55000008,Kolkata V2,
51627679,Rasulpur,52001309,West Bengal,55000008,Kolkata V2,
51627690,Madanganj,52001309,West Bengal,55000008,Kolkata V2,
51627744,Gadadharpur,52001309,West Bengal,55000008,Kolkata V2,
51627763,Mahadebnagar,52001309,West Bengal,55000008,Kolkata V2,
51627766,Barwan,52001309,West Bengal,55000008,Kolkata V2,
51627791,Maheshpur,52001309,West Bengal,55000008,Kolkata V2,
51627819,Balarampur,52001309,West Bengal,55000008,Kolkata V2,
51627821,Sadhanpur,52001309,West Bengal,55000008,Kolkata V2,
51627864,Bahagalpur,52001309,West Bengal,55000008,Kolkata V2,
51627879,Bahara,52001309,West Bengal,55000008,Kolkata V2,
51627926,Bara,52001309,West Bengal,55000008,Kolkata V2,
51627934,Radhakantapur,52001309,West Bengal,55000008,Kolkata V2,
51627935,Bandipur,52001309,West Bengal,55000008,Kolkata V2,
51627962,Arampur,52001309,West Bengal,55000008,Kolkata V2,
51627973,Bharatgarh,52001309,West Bengal,55000008,Kolkata V2,
51627986,Srikrishnapur,52001309,West Bengal,55000008,Kolkata V2,
51627994,Gokarna,52001309,West Bengal,55000008,Kolkata V2,
51628003,Hatgachha,52001309,West Bengal,55000008,Kolkata V2,
51628036,Beharia,52001309,West Bengal,55000008,Kolkata V2,
51628039,Ahiran,52001309,West Bengal,55000008,Kolkata V2,
51628045,Mamudpur,52001309,West Bengal,55000008,Kolkata V2,
51628048,Hingalganj,52001309,West Bengal,55000008,Kolkata V2,
51628063,Ramchandrapur,52001309,West Bengal,55000008,Kolkata V2,
51628068,Harinarayanpur,52001309,West Bengal,55000008,Kolkata V2,
51628075,Ichhapur,52001309,West Bengal,55000008,Kolkata V2,
51628082,Haridaspur,52001309,West Bengal,55000008,Kolkata V2,
51628115,Bishannagar,52001309,West Bengal,55000008,Kolkata V2,
51628135,Barunhat,52001309,West Bengal,55000008,Kolkata V2,
51628140,Bhagabanpur,52001309,West Bengal,55000008,Kolkata V2,
51628183,Rajapur,52001309,West Bengal,55000008,Kolkata V2,
51628196,Gokulpur,52001309,West Bengal,55000008,Kolkata V2,
51628199,Bamanpukur,52001309,West Bengal,55000008,Kolkata V2,
51628205,Khidirpur,52001309,West Bengal,55000008,Kolkata V2,
51628209,Gonipur,52001309,West Bengal,55000008,Kolkata V2,
51628210,Panchpota,52001309,West Bengal,55000008,Kolkata V2,
51628214,Kaliganj,52001309,West Bengal,55000008,Kolkata V2,
51628222,Salar,52001309,West Bengal,55000008,Kolkata V2,
51628231,Kalidaspur,52001309,West Bengal,55000008,Kolkata V2,
51628251,Faridpur,52001309,West Bengal,55000008,Kolkata V2,
51628253,Kasimpur,52001309,West Bengal,55000013,Hyderabad V2,Remove
51628256,Alamsahi,52001309,West Bengal,55000008,Kolkata V2,
51628271,Kirtipur,52001309,West Bengal,55000008,Kolkata V2,
51628315,Tentulia,52001309,West Bengal,55000008,Kolkata V2,
51628338,Nimtita,52001309,West Bengal,55000008,Kolkata V2,
51628370,Kandi,52001309,West Bengal,55000008,Kolkata V2,
51628383,Kalipur,52001309,West Bengal,55000008,Kolkata V2,
51628391,Dighra,52001309,West Bengal,55000008,Kolkata V2,
51628401,Sujapur,52001309,West Bengal,55000008,Kolkata V2,
51628427,Rampara,52001309,West Bengal,55000008,Kolkata V2,
51628428,Kanchanpur,52001309,West Bengal,55000008,Kolkata V2,
51628454,Karimpur,52001309,West Bengal,55000008,Kolkata V2,
51628468,Patuli,52001309,West Bengal,55000008,Kolkata V2,
51628469,Beonta,52001309,West Bengal,55000008,Kolkata V2,
51628495,Santoshpur,52001309,West Bengal,55000008,Kolkata V2,
51628503,Chanda,52001309,West Bengal,55000011,Pune V2,Remove
51628521,Hatgacha,52001309,West Bengal,55000008,Kolkata V2,
51628597,Parulia,52001309,West Bengal,55000008,Kolkata V2,
51628627,Dangapara,52001309,West Bengal,55000008,Kolkata V2,
51628650,Nabipur,52001309,West Bengal,55000008,Kolkata V2,
51628675,Biswanathpur,52001309,West Bengal,55000008,Kolkata V2,
51628676,Chaitpur,52001309,West Bengal,55000008,Kolkata V2,
51628678,Ratanpur,52001309,West Bengal,55000008,Kolkata V2,
51628723,Lakshmipur,52001309,West Bengal,55000008,Kolkata V2,
51628747,Jamira,52001309,West Bengal,55000008,Kolkata V2,
51628751,Amghata,52001309,West Bengal,55000008,Kolkata V2,
51628772,Chautara,52001309,West Bengal,55000008,Kolkata V2,
51628785,Sripur,52001309,West Bengal,55000008,Kolkata V2,
51628786,Keorakhali,52001309,West Bengal,55000008,Kolkata V2,
51628795,Laskarpur,52001309,West Bengal,55000008,Kolkata V2,
51628825,Kalinagar,52001309,West Bengal,55000008,Kolkata V2,
51628831,Debagram,52001309,West Bengal,55000008,Kolkata V2,
51628835,Shrirampur,52001309,West Bengal,55000011,Pune V2,Remove
51628850,Raninagar,52001309,West Bengal,55000008,Kolkata V2,
51628863,Kalikapur,52001309,West Bengal,55000008,Kolkata V2,
51628887,Debipur,52001309,West Bengal,55000008,Kolkata V2,
51628901,Sahapur,52001309,West Bengal,55000008,Kolkata V2,
51628915,Madhabpur,52001309,West Bengal,55000008,Kolkata V2,
51628984,Harindanga,52001309,West Bengal,55000008,Kolkata V2,
51628993,Ambhua,52001309,West Bengal,55000008,Kolkata V2,
51629028,Nazirpur,52001309,West Bengal,55000008,Kolkata V2,
51629041,Mandra,52001309,West Bengal,55000008,Kolkata V2,
51629054,Jafarpur,52001309,West Bengal,55000008,Kolkata V2,
51629058,Jagadishpur,52001309,West Bengal,55000008,Kolkata V2,
51629059,Gazipur,52001309,West Bengal,55000008,Kolkata V2,
51629065,Gopalnagar,52001309,West Bengal,55000008,Kolkata V2,
51629134,Madapur,52001309,West Bengal,55000013,Hyderabad V2,Remove
51629145,Belgram,52001309,West Bengal,55000008,Kolkata V2,
51629148,Burul,52001309,West Bengal,55000008,Kolkata V2,
51629177,Patharghata,52001309,West Bengal,55000008,Kolkata V2,
51629183,Lalbazar,52001309,West Bengal,55000008,Kolkata V2,
51014526,Anand,52010002,Gujarat,55000014,Delhi NCR V2,Remove
51063991,Patan,52010002,Gujarat,55000011,Pune V2,Remove
51148451,Padra,52010002,Gujarat,55000013,Hyderabad V2,Remove
51148453,Pardi,52010002,Gujarat,55000013,Hyderabad V2,Remove
51149020,Rampura,52010002,Gujarat,55000009,Bangalore V2,Remove
51602055,Bordi,52010002,Gujarat,55000010,Mumbai V2,Remove
51605777,Andhari,52010002,Gujarat,55000011,Pune V2,Remove
51627121,Dari,52010002,Gujarat,55000010,Mumbai V2,Remove
51627867,Manda,52010002,Gujarat,55000010,Mumbai V2,Remove
51628215,Morai,52010002,Gujarat,55000012,Chennai V2,Remove
51628376,Panoli,52010002,Gujarat,55000011,Pune V2,Remove
51628538,Shahpur,52010002,Gujarat,55000014,Delhi NCR V2,Remove
51628581,Hanumanpura,52010002,Gujarat,55000013,Hyderabad V2,Remove
51628659,Karai,52010002,Gujarat,55000012,Chennai V2,Remove
51629185,Koyali,52010002,Gujarat,55000011,Pune V2,Remove
51014698,Vellore,52010036,Tamil Nadu,55000012,Chennai V2,
51019586,Chennai,52010036,Tamil Nadu,55000012,Chennai V2,
51051160,Hosur,52010036,Tamil Nadu,55000009,Bangalore V2,
51063943,Tiruvottiyur,52010036,Tamil Nadu,55000012,Chennai V2,
51063944,Avadi,52010036,Tamil Nadu,55000012,Chennai V2,
51063945,Ambattur,52010036,Tamil Nadu,55000012,Chennai V2,
51063948,Pallavaram,52010036,Tamil Nadu,55000012,Chennai V2,
51063949,Tambaram,52010036,Tamil Nadu,55000012,Chennai V2,
51063950,Kanchipuram,52010036,Tamil Nadu,55000012,Chennai V2,
51063951,Arcot,52010036,Tamil Nadu,55000012,Chennai V2,
51063954,Tiruvannamalai,52010036,Tamil Nadu,55000012,Chennai V2,
51063962,Karur,52010036,Tamil Nadu,55000013,Hyderabad V2,Chennai V2
51063965,Dindigul,52010036,Tamil Nadu,55000013,Hyderabad V2,Chennai V2
51148175,Kovur,52010036,Tamil Nadu,55000012,Chennai V2,
51629060,Surai,52001320,Maharashtra,55000012,Chennai V2,Remove
51629066,Satiwali,52001320,Maharashtra,55000010,Mumbai V2,Chennai V2
51629072,Dehu,52001320,Maharashtra,55000011,Pune V2,
51629076,Khadaki,52001320,Maharashtra,55000011,Pune V2,
51629084,Mahiravani,52001320,Maharashtra,55000010,Mumbai V2,
51629093,Kopar,52001320,Maharashtra,55000010,Mumbai V2,
51629109,Pali,52001320,Maharashtra,55000010,Mumbai V2,
51629114,Kumbhari,52001320,Maharashtra,55000011,Pune V2,
51629126,Pimple Gurav,52001320,Maharashtra,55000011,Pune V2,
51629135,Vilad,52001320,Maharashtra,55000011,Pune V2,
51629147,Bramhapuri,52001320,Maharashtra,55000011,Pune V2,
51629178,Dapur,52001320,Maharashtra,55000010,Mumbai V2,
51010238,New Delhi,52009999,Delhi,55000014,Delhi NCR V2,
51010358,Delhi,52009999,Delhi,55000014,Delhi NCR V2,
51148329,Badarpur,52009999,Delhi,55000014,Delhi NCR V2,
51148332,Connaught Place,52009999,Delhi,55000014,Delhi NCR V2,
51627008,Dhaula Kuan,52009999,Delhi,55000014,Delhi NCR V2,
51627371,Vasant Kunj,52009999,Delhi,55000014,Delhi NCR V2,
51627678,Mahipalpur,52009999,Delhi,55000014,Delhi NCR V2,
51627738,Moti Bagh,52009999,Delhi,55000014,Delhi NCR V2,
51628507,Sagarpur,52009999,Delhi,55000014,Delhi NCR V2,
51629061,Munirka,52009999,Delhi,55000014,Delhi NCR V2,
51256298,Godda,52028057,Jharkhand,55000008,Kolkata V2,Remove
51600120,Hatia,52028057,Jharkhand,55000008,Kolkata V2,Remove
51605267,Adityapur,52028057,Jharkhand,55000008,Kolkata V2,Remove
51014285,Mathura,52010044,Uttar Pradesh,55000014,Delhi NCR V2,
51039922,Ghaziabad,52010044,Uttar Pradesh,55000014,Delhi NCR V2,
51040344,Noida,52010044,Uttar Pradesh,55000014,Delhi NCR V2,
51063820,Atrauli,52010044,Uttar Pradesh,55000014,Delhi NCR V2,
51063831,Shahjahanpur,52010044,Uttar Pradesh,55000014,Delhi NCR V2,
51063832,Sitapur,52010044,Uttar Pradesh,55000008,Kolkata V2,Remove
51063839,Faizabad,52010044,Uttar Pradesh,55000013,Hyderabad V2,Remove
51148283,Hajipur,52010044,Uttar Pradesh,55000013,Hyderabad V2,Remove
51148995,Fatehpur,52010044,Uttar Pradesh,55000014,Delhi NCR V2,
51149000,Jalalabad,52010044,Uttar Pradesh,55000014,Delhi NCR V2,
51149263,Dadri,52010044,Uttar Pradesh,55000014,Delhi NCR V2,
51149264,Dasna,52010044,Uttar Pradesh,55000014,Delhi NCR V2,
51149303,Maharajganj,52010044,Uttar Pradesh,55000008,Kolkata V2,Remove
51149316,Niwari,52010044,Uttar Pradesh,55000014,Delhi NCR V2,
51149328,Sahibabad,52010044,Uttar Pradesh,55000014,Delhi NCR V2,
51149397,Jamalpur,52010044,Uttar Pradesh,55000014,Delhi NCR V2,
51149426,Rudrapur,52010044,Uttar Pradesh,55000008,Kolkata V2,Remove
51589423,Akbarpur,52010044,Uttar Pradesh,55000014,Delhi NCR V2,
51591632,Ahmadpur,52010044,Uttar Pradesh,55000008,Kolkata V2,Remove
51592004,Aligarh,52010044,Uttar Pradesh,55000008,Kolkata V2,Remove
51594034,Bahadurpur,52010044,Uttar Pradesh,55000008,Kolkata V2,Remove
51598359,Dariapur,52010044,Uttar Pradesh,55000008,Kolkata V2,Remove
51598372,Bhawanipur,52010044,Uttar Pradesh,55000008,Kolkata V2,Remove
51599274,Ganeshpur,52010044,Uttar Pradesh,55000008,Kolkata V2,Remove
51602123,Lalpur,52010044,Uttar Pradesh,55000008,Kolkata V2,Remove
51604935,Salarpur,52010044,Uttar Pradesh,55000014,Delhi NCR V2,
51605080,Shahabad,52010044,Uttar Pradesh,55000013,Hyderabad V2,Remove
51626890,Kasna,52010044,Uttar Pradesh,55000014,Delhi NCR V2,
51626905,Jafrabad,52010044,Uttar Pradesh,55000008,Kolkata V2,Remove
51626944,Kulesra,52010044,Uttar Pradesh,55000014,Delhi NCR V2,
51627023,Bhaipur,52010044,Uttar Pradesh,55000014,Delhi NCR V2,
51627041,Jarcha,52010044,Uttar Pradesh,55000014,Delhi NCR V2,
51627129,Bhojpur,52010044,Uttar Pradesh,55000014,Delhi NCR V2,
51627183,Benipur,52010044,Uttar Pradesh,55000008,Kolkata V2,Remove
51627205,Pura,52010044,Uttar Pradesh,55000009,Bangalore V2,Remove
51627336,Kaushambi,52010044,Uttar Pradesh,55000014,Delhi NCR V2,
51627349,Allipur,52010044,Uttar Pradesh,55000013,Hyderabad V2,Remove
51627687,Khora,52010044,Uttar Pradesh,55000014,Delhi NCR V2,
51627732,Mubarakpur,52010044,Uttar Pradesh,55000013,Hyderabad V2,Remove
51627866,Model Town,52010044,Uttar Pradesh,55000014,Delhi NCR V2,
51627924,Kheri,52010044,Uttar Pradesh,55000014,Delhi NCR V2,
51627975,Chhajarsi,52010044,Uttar Pradesh,55000014,Delhi NCR V2,
51627992,Sadar Bazar,52010044,Uttar Pradesh,55000011,Pune V2,Remove
51628014,Dundahera,52010044,Uttar Pradesh,55000014,Delhi NCR V2,
51628090,Jainpur,52010044,Uttar Pradesh,55000014,Delhi NCR V2,
51628139,Diha,52010044,Uttar Pradesh,55000008,Kolkata V2,Remove
51628149,Hazipur,52010044,Uttar Pradesh,55000013,Hyderabad V2,Remove
51628163,Hazratpur,52010044,Uttar Pradesh,55000008,Kolkata V2,Remove
51628165,Paharpur,52010044,Uttar Pradesh,55000008,Kolkata V2,Remove
51628296,Sakipur,52010044,Uttar Pradesh,55000014,Delhi NCR V2,
51628307,Greater Noida,52010044,Uttar Pradesh,55000014,Delhi NCR V2,
51628440,Sikri Khurd,52010044,Uttar Pradesh,55000014,Delhi NCR V2,
51628537,Nagla Charandas,52010044,Uttar Pradesh,55000014,Delhi NCR V2,
51628557,Sikandra,52010044,Uttar Pradesh,55000014,Delhi NCR V2,
51628620,Sangrampur,52010044,Uttar Pradesh,55000008,Kolkata V2,Remove
51628755,Ramapur,52010044,Uttar Pradesh,55000013,Hyderabad V2,Remove
51628813,Ibrahimpur,52010044,Uttar Pradesh,55000013,Hyderabad V2,Remove
51628816,Ram Nagar,52010044,Uttar Pradesh,55000008,Kolkata V2,Remove
51629008,Bela,52010044,Uttar Pradesh,55000013,Hyderabad V2,Remove
51629011,Salempur,52010044,Uttar Pradesh,55000014,Delhi NCR V2,
51629013,Vasundhra,52010044,Uttar Pradesh,55000014,Delhi NCR V2,
51629049,Madarpur,52010044,Uttar Pradesh,55000008,Kolkata V2,Remove
51629064,Chhapraula,52010044,Uttar Pradesh,55000014,Delhi NCR V2,
51629102,Halalpur,52010044,Uttar Pradesh,55000014,Delhi NCR V2,
51629171,Chhapra,52010044,Uttar Pradesh,55000014,Delhi NCR V2,
51588598,Jogendranagar,52010043,Tripura,55000008,Kolkata V2,Remove
51014519,Ambala,52010008,Haryana,55000013,Hyderabad V2,Remove
51016050,Gurgaon,52010008,Haryana,55000014,Delhi NCR V2,
51062773,Sonipat,52010008,Haryana,55000014,Delhi NCR V2,
51064006,Sirsa,52010008,Haryana,55000013,Hyderabad V2,Remove
51148515,Ballabgarh,52010008,Haryana,55000014,Delhi NCR V2,
51148520,Gohana,52010008,Haryana,55000014,Delhi NCR V2,
51148534,Kasan,52010008,Haryana,55000014,Delhi NCR V2,
51148919,Narsinghpur,52010008,Haryana,55000014,Delhi NCR V2,
51626399,Yamunanagar,52010008,Haryana,55000011,Pune V2,Remove
51626911,Dhankot,52010008,Haryana,55000014,Delhi NCR V2,
51626924,Pakhal,52010008,Haryana,55000013,Hyderabad V2,Remove
51627781,Bayanpur,52010008,Haryana,55000014,Delhi NCR V2,
51627805,Kheri Kalan,52010008,Haryana,55000014,Delhi NCR V2,
51627953,Dayalpur,52010008,Haryana,55000014,Delhi NCR V2,
51628055,Basai,52010008,Haryana,55000014,Delhi NCR V2,
51628460,Samaipur,52010008,Haryana,55000014,Delhi NCR V2,
51628549,Tilpat,52010008,Haryana,55000014,Delhi NCR V2,
51628554,Wazirabad,52010008,Haryana,55000014,Delhi NCR V2,
51628585,Nizampur,52010008,Haryana,55000014,Delhi NCR V2,
51628749,Faridabad,52010008,Haryana,55000014,Delhi NCR V2,
51629043,Sersa,52010008,Haryana,55000014,Delhi NCR V2,
51629204,Sonda,52010008,Haryana,55000008,Kolkata V2,Remove
51048262,Proddatur,52009994,Andhra Pradesh,55000013,Hyderabad V2,
51063928,Bhimavaram,52009994,Andhra Pradesh,55000013,Hyderabad V2,
51063930,Gudivada,52009994,Andhra Pradesh,55000013,Hyderabad V2,
51063942,Hindupur,52009994,Andhra Pradesh,55000013,Hyderabad V2,
51148146,Dharmavaram,52009994,Andhra Pradesh,55000013,Hyderabad V2,
51148151,Ganapavaram,52009994,Andhra Pradesh,55000013,Hyderabad V2,
51148154,Gannavaram,52009994,Andhra Pradesh,55000013,Hyderabad V2,
51148180,Kuppam,52009994,Andhra Pradesh,55000012,Chennai V2,Remove
51148208,Peddapuram,52009994,Andhra Pradesh,55000013,Hyderabad V2,
51148210,Penugonda,52009994,Andhra Pradesh,55000013,Hyderabad V2,
51148213,Ramachandrapuram,52009994,Andhra Pradesh,55000013,Hyderabad V2,
51148218,Repalle,52009994,Andhra Pradesh,55000013,Hyderabad V2,
51148219,Salur,52009994,Andhra Pradesh,55000012,Chennai V2,Remove
51149155,Mangalam,52009994,Andhra Pradesh,55000012,Chennai V2,Remove
51266051,Gopalapuram,52009994,Andhra Pradesh,55000013,Hyderabad V2,
51266057,Lakkavaram,52009994,Andhra Pradesh,55000013,Hyderabad V2,
51582933,Anantapur,52009994,Andhra Pradesh,55000008,Kolkata V2,Remove
51597752,Nagulapalli,52009994,Andhra Pradesh,55000013,Hyderabad V2,
51598278,Peruru,52009994,Andhra Pradesh,55000013,Hyderabad V2,
51598430,Rajanagaram,52009994,Andhra Pradesh,55000012,Chennai V2,Remove
51598546,Rangapuram,52009994,Andhra Pradesh,55000013,Hyderabad V2,
51626857,Vinjamur,52009994,Andhra Pradesh,55000013,Hyderabad V2,
51626929,Ponnur,52009994,Andhra Pradesh,55000012,Chennai V2,Remove
51626987,Lakshmipuram,52009994,Andhra Pradesh,55000013,Hyderabad V2,
51627084,Srinivasapuram,52009994,Andhra Pradesh,55000012,Chennai V2,Remove
51627314,Nellipaka,52009994,Andhra Pradesh,55000013,Hyderabad V2,
51627317,Tummalapalli,52009994,Andhra Pradesh,55000013,Hyderabad V2,
51627385,Ramannapalem,52009994,Andhra Pradesh,55000013,Hyderabad V2,
51627396,Machavaram,52009994,Andhra Pradesh,55000013,Hyderabad V2,
51627696,Ramakrishnapuram,52009994,Andhra Pradesh,55000013,Hyderabad V2,
51627930,Kothuru,52009994,Andhra Pradesh,55000013,Hyderabad V2,
51627943,Rachapalli,52009994,Andhra Pradesh,55000013,Hyderabad V2,
51627948,Kothapeta,52009994,Andhra Pradesh,55000013,Hyderabad V2,
51628077,Vavilala,52009994,Andhra Pradesh,55000013,Hyderabad V2,
51628217,Kandukur,52009994,Andhra Pradesh,55000013,Hyderabad V2,
51628250,Timmapuram,52009994,Andhra Pradesh,55000013,Hyderabad V2,
51628257,Dondapadu,52009994,Andhra Pradesh,55000013,Hyderabad V2,
51628367,Lingapuram,52009994,Andhra Pradesh,55000013,Hyderabad V2,
51628398,Krishnapuram,52009994,Andhra Pradesh,55000013,Hyderabad V2,
51628547,Bhupalapatnam,52009994,Andhra Pradesh,55000013,Hyderabad V2,
51628608,Gollapalli,52009994,Andhra Pradesh,55000013,Hyderabad V2,
51628738,Allipuram,52009994,Andhra Pradesh,55000013,Hyderabad V2,
51628935,Atmakur,52009994,Andhra Pradesh,55000013,Hyderabad V2,
51628972,Duddepudi,52009994,Andhra Pradesh,55000013,Hyderabad V2,
51629034,Venkatapuram,52009994,Andhra Pradesh,55000013,Hyderabad V2,
51629167,Mukundapuram,52009994,Andhra Pradesh,55000013,Hyderabad V2,
51629181,Gollapudi,52009994,Andhra Pradesh,55000013,Hyderabad V2,
51149153,Manali,52024787,Himachal Pradesh,55000012,Chennai V2,Remove
51063773,Puri,52010030,Odisha,55000010,Mumbai V2,Remove
51148954,Jaleswar,52010030,Odisha,55000008,Kolkata V2,Remove
51595752,Basudevpur,52010030,Odisha,55000008,Kolkata V2,Remove
51628040,Govindapur,52010030,Odisha,55000013,Hyderabad V2,Remove
51628670,Gadapur,52010030,Odisha,55000013,Hyderabad V2,Remove
51148681,Mala,52010018,Kerala,55000010,Mumbai V2,Remove
51256291,Melur,52010018,Kerala,55000009,Bangalore V2,Remove
51627627,Alur,52010018,Kerala,55000013,Hyderabad V2,Remove
51628119,Alathur,52010018,Kerala,55000012,Chennai V2,Remove
51628132,Pullur,52010018,Kerala,55000013,Hyderabad V2,Remove
51628340,Kodur,52010018,Kerala,55000013,Hyderabad V2,Remove
51628348,Kavanur,52010018,Kerala,55000012,Chennai V2,Remove
51628919,Kothamangalam,52010018,Kerala,55000012,Chennai V2,Remove
51148630,Sangam,52018194,Jammu And Kashmir,55000013,Hyderabad V2,Remove
51602693,Muradpur,52018194,Jammu And Kashmir,55000008,Kolkata V2,Remove
51586082,Bommayarpalayam,52010034,Puducherry,55000012,Chennai V2,
51586350,Saram,52010034,Puducherry,55000012,Chennai V2,
51148305,Ambikapur,52028058,Chhattisgarh,55000008,Kolkata V2,Remove
51627593,Jawahar Nagar,52028102,Uttarakhand,55000013,Hyderabad V2,Remove
51627636,Kedarpur,52028102,Uttarakhand,55000008,Kolkata V2,Remove
51627988,Panpur,52028102,Uttarakhand,55000008,Kolkata V2,Remove
51063972,Robertsonpet,52010011,Karnataka,55000009,Bangalore V2,
51063974,Sagar,52010011,Karnataka,55000008,Kolkata V2,Remove
51148559,Anekal,52010011,Karnataka,55000009,Bangalore V2,
51148569,Bidadi,52010011,Karnataka,55000009,Bangalore V2,
51148573,Chintamani,52010011,Karnataka,55000009,Bangalore V2,
51148585,Hoskote,52010011,Karnataka,55000009,Bangalore V2,
51148596,Kanakapura,52010011,Karnataka,55000009,Bangalore V2,
51148598,Kengeri,52010011,Karnataka,55000009,Bangalore V2,
51148600,Kolar,52010011,Karnataka,55000009,Bangalore V2,
51148617,Malur,52010011,Karnataka,55000009,Bangalore V2,
51148639,Sira,52010011,Karnataka,55000009,Bangalore V2,
51148641,Tiptur,52010011,Karnataka,55000009,Bangalore V2,
51148646,Whitefield,52010011,Karnataka,55000009,Bangalore V2,
51148647,Yelahanka,52010011,Karnataka,55000009,Bangalore V2,
51606173,Ashoknagar,52010011,Karnataka,55000009,Bangalore V2,
51626845,Channasandra,52010011,Karnataka,55000009,Bangalore V2,
51626852,Kempanahalli,52010011,Karnataka,55000009,Bangalore V2,
51626943,Dodballapura,52010011,Karnataka,55000009,Bangalore V2,
51627010,Chikkanahalli,52010011,Karnataka,55000009,Bangalore V2,
51627068,Vijayapura,52010011,Karnataka,55000009,Bangalore V2,
51627154,Achalu,52010011,Karnataka,55000009,Bangalore V2,
51627182,Mallasandra,52010011,Karnataka,55000009,Bangalore V2,
51627201,Halehalli,52010011,Karnataka,55000009,Bangalore V2,
51627249,Goripalya,52010011,Karnataka,55000009,Bangalore V2,
51627327,Channarayapatna,52010011,Karnataka,55000009,Bangalore V2,
51627353,Kattigenahalli,52010011,Karnataka,55000009,Bangalore V2,
51627502,Herohalli,52010011,Karnataka,55000009,Bangalore V2,
51627525,Kodihalli,52010011,Karnataka,55000009,Bangalore V2,
51627561,Sompura,52010011,Karnataka,55000009,Bangalore V2,
51627567,Bengaluru,52010011,Karnataka,55000009,Bangalore V2,
51627710,Mulbagal,52010011,Karnataka,55000009,Bangalore V2,
51627870,Domlur,52010011,Karnataka,55000009,Bangalore V2,
51627872,Bommanahalli,52010011,Karnataka,55000009,Bangalore V2,
51628021,Devanahalli,52010011,Karnataka,55000009,Bangalore V2,
51628031,Harohalli,52010011,Karnataka,55000009,Bangalore V2,
51628111,Attibele,52010011,Karnataka,55000009,Bangalore V2,
51628160,Kandavara,52010011,Karnataka,55000009,Bangalore V2,
51628275,Lakshmisagara,52010011,Karnataka,55000009,Bangalore V2,
51628305,Begur,52010011,Karnataka,55000009,Bangalore V2,
51628467,Thimmalapura,52010011,Karnataka,55000009,Bangalore V2,
51628619,Dommasandra,52010011,Karnataka,55000009,Bangalore V2,
51628673,Kodigehalli,52010011,Karnataka,55000009,Bangalore V2,
51628762,Bellandur,52010011,Karnataka,55000009,Bangalore V2,
51628833,Hosahalli,52010011,Karnataka,55000009,Bangalore V2,
51628882,Somanhalli,52010011,Karnataka,55000009,Bangalore V2,
51628941,Chamrajpet,52010011,Karnataka,55000009,Bangalore V2,
51628981,Kalkere,52010011,Karnataka,55000009,Bangalore V2,
51628998,Channenahalli,52010011,Karnataka,55000009,Bangalore V2,
51149280,Hasanpur,52009998,Bihar,55000008,Kolkata V2,Remove
51604794,Nagla,52009998,Bihar,55000014,Delhi NCR V2,Remove
51626753,Nawada,52009998,Bihar,55000014,Delhi NCR V2,Remove
51626760,Vaishali,52009998,Bihar,55000014,Delhi NCR V2,Remove
51626938,Sherpur,52009998,Bihar,55000008,Kolkata V2,Remove
51628293,Dilawarpur,52009998,Bihar,55000013,Hyderabad V2,Remove
51627032,Sarangpur,52024520,Chandigarh,55000008,Kolkata V2,Remove
51627490,Daria,52024520,Chandigarh,55000008,Kolkata V2,Remove
51014361,Hyderabad,52033962,Telangana,55000013,Hyderabad V2,
51014520,Warangal,52033962,Telangana,55000013,Hyderabad V2,
51048561,Adilabad,52033962,Telangana,55000013,Hyderabad V2,
51063918,Nizamabad,52033962,Telangana,55000013,Hyderabad V2,
51063919,Mancherial,52033962,Telangana,55000013,Hyderabad V2,
51063920,Karimnagar,52033962,Telangana,55000013,Hyderabad V2,
51063921,Secunderabad,52033962,Telangana,55000013,Hyderabad V2,
51063923,Nalgonda,52033962,Telangana,55000013,Hyderabad V2,
51063924,Khammam,52033962,Telangana,55000013,Hyderabad V2,
51148136,Balanagar,52033962,Telangana,55000013,Hyderabad V2,
51148142,Bhongir,52033962,Telangana,55000013,Hyderabad V2,
51148143,Bodhan,52033962,Telangana,55000013,Hyderabad V2,
51148152,Gandipet,52033962,Telangana,55000013,Hyderabad V2,
51148153,Gangaram,52033962,Telangana,55000013,Hyderabad V2,
51148158,Gudur,52033962,Telangana,55000013,Hyderabad V2,
51148173,Kondapur,52033962,Telangana,55000013,Hyderabad V2,
51148174,Kothapet,52033962,Telangana,55000013,Hyderabad V2,
51148179,Kukatpally,52033962,Telangana,55000013,Hyderabad V2,
51148181,Macherla,52033962,Telangana,55000013,Hyderabad V2,
51148185,Medak,52033962,Telangana,55000013,Hyderabad V2,
51148186,Medchal,52033962,Telangana,55000013,Hyderabad V2,
51148192,Narayanpet,52033962,Telangana,55000013,Hyderabad V2,
51148198,Nirmal,52033962,Telangana,55000013,Hyderabad V2,
51148199,Nizampet,52033962,Telangana,55000013,Hyderabad V2,
51148206,Patancheru,52033962,Telangana,55000013,Hyderabad V2,
51148214,Ramapuram,52033962,Telangana,55000013,Hyderabad V2,
51148221,Shadnagar,52033962,Telangana,55000013,Hyderabad V2,
51148222,Siddipet,52033962,Telangana,55000013,Hyderabad V2,
51148223,Sirpur,52033962,Telangana,55000013,Hyderabad V2,
51148231,Trimulgherry,52033962,Telangana,55000013,Hyderabad V2,
51148235,Uppal,52033962,Telangana,55000013,Hyderabad V2,
51148237,Venkatagiri,52033962,Telangana,55000013,Hyderabad V2,
51148239,Vikarabad,52033962,Telangana,55000013,Hyderabad V2,
51148603,Kollur,52033962,Telangana,55000013,Hyderabad V2,
51148616,Mallapur,52033962,Telangana,55000013,Hyderabad V2,
51148637,Siddapur,52033962,Telangana,55000013,Hyderabad V2,
51148649,Yellapur,52033962,Telangana,55000013,Hyderabad V2,
51148830,Rajaram,52033962,Telangana,55000013,Hyderabad V2,
51248539,Suryapet,52033962,Telangana,55000013,Hyderabad V2,
51266060,Narsapur,52033962,Telangana,55000013,Hyderabad V2,
51593864,Anandbagh,52033962,Telangana,55000013,Hyderabad V2,
51594243,Airforce Academy,52033962,Telangana,55000013,Hyderabad V2,
51594347,Allapur,52033962,Telangana,55000013,Hyderabad V2,
51594369,Balanagar Township,52033962,Telangana,55000013,Hyderabad V2,
51594425,Alwal,52033962,Telangana,55000013,Hyderabad V2,
51594894,Bowenpally,52033962,Telangana,55000013,Hyderabad V2,
51595071,Chandanagar,52033962,Telangana,55000013,Hyderabad V2,
51595510,Dharur,52033962,Telangana,55000013,Hyderabad V2,
51595746,Gachibowli,52033962,Telangana,55000013,Hyderabad V2,
51596090,HMT Township,52033962,Telangana,55000013,Hyderabad V2,
51596150,IDA Jeedimetla,52033962,Telangana,55000013,Hyderabad V2,
51597340,Manovikasnagar,52033962,Telangana,55000013,Hyderabad V2,
51597479,Miyapur,52033962,Telangana,55000013,Hyderabad V2,
51597881,Neredmet,52033962,Telangana,55000013,Hyderabad V2,
51598639,Sainikpuri,52033962,Telangana,55000013,Hyderabad V2,
51599327,Vikasnagar,52033962,Telangana,55000013,Hyderabad V2,
51599658,Basar,52033962,Telangana,55000013,Hyderabad V2,
51609037,Chandi,52033962,Telangana,55000013,Hyderabad V2,
51626789,Ghatkesar,52033962,Telangana,55000013,Hyderabad V2,
51626793,Madhapur,52033962,Telangana,55000013,Hyderabad V2,
51626794,Manuguru,52033962,Telangana,55000013,Hyderabad V2,
51626795,Nagaram,52033962,Telangana,55000013,Hyderabad V2,
51626797,Ramagundam,52033962,Telangana,55000013,Hyderabad V2,
51626833,Lingala,52033962,Telangana,55000013,Hyderabad V2,
51626850,Kosgi,52033962,Telangana,55000013,Hyderabad V2,
51626860,Gummadavalli,52033962,Telangana,55000013,Hyderabad V2,
51626862,Magdi,52033962,Telangana,55000013,Hyderabad V2,
51626863,Shamshabad,52033962,Telangana,55000013,Hyderabad V2,
51626923,Kandikatkur,52033962,Telangana,55000013,Hyderabad V2,
51626930,Patimatla,52033962,Telangana,55000013,Hyderabad V2,
51626942,Machapur,52033962,Telangana,55000013,Hyderabad V2,
51626972,Mallampet,52033962,Telangana,55000013,Hyderabad V2,
51626997,Kothaguda,52033962,Telangana,55000013,Hyderabad V2,
51627002,Lingapur,52033962,Telangana,55000013,Hyderabad V2,
51627024,Shapur,52033962,Telangana,55000013,Hyderabad V2,
51627049,Mokila,52033962,Telangana,55000013,Hyderabad V2,
51627062,Budharam,52033962,Telangana,55000013,Hyderabad V2,
51627066,Nallagonda,52033962,Telangana,55000013,Hyderabad V2,
51627156,Jammikunta,52033962,Telangana,55000013,Hyderabad V2,
51627159,Kothur,52033962,Telangana,55000013,Hyderabad V2,
51627188,Mailaram,52033962,Telangana,55000013,Hyderabad V2,
51627192,Elgandal,52033962,Telangana,55000013,Hyderabad V2,
51627202,Domalpalli,52033962,Telangana,55000013,Hyderabad V2,
51627209,Hasnapur,52033962,Telangana,55000013,Hyderabad V2,
51627218,Nandigaon,52033962,Telangana,55000013,Hyderabad V2,
51627221,Mulug,52033962,Telangana,55000013,Hyderabad V2,
51627223,Sangareddy,52033962,Telangana,55000013,Hyderabad V2,
51627261,Abbapur,52033962,Telangana,55000013,Hyderabad V2,
51627269,Mallaram,52033962,Telangana,55000013,Hyderabad V2,
51627277,Macharam,52033962,Telangana,55000013,Hyderabad V2,
51627323,Mallareddipalli,52033962,Telangana,55000013,Hyderabad V2,
51627358,Banswada,52033962,Telangana,55000013,Hyderabad V2,
51627367,Kistapur,52033962,Telangana,55000013,Hyderabad V2,
51627386,Narayanapuram,52033962,Telangana,55000013,Hyderabad V2,
51627387,Nagarkurnool,52033962,Telangana,55000013,Hyderabad V2,
51627389,Kummera,52033962,Telangana,55000013,Hyderabad V2,
51627435,Guduru,52033962,Telangana,55000013,Hyderabad V2,
51627459,Pipri,52033962,Telangana,55000013,Hyderabad V2,
51627477,Sirsilla,52033962,Telangana,55000013,Hyderabad V2,
51627478,Shankarpalli,52033962,Telangana,55000013,Hyderabad V2,
51627486,Achutapuram,52033962,Telangana,55000013,Hyderabad V2,
51627516,Polepalli,52033962,Telangana,55000013,Hyderabad V2,
51627528,Chevella,52033962,Telangana,55000013,Hyderabad V2,
51627542,Vidyanagar,52033962,Telangana,55000013,Hyderabad V2,
51627543,Osmannagar,52033962,Telangana,55000013,Hyderabad V2,
51627547,Gokaram,52033962,Telangana,55000013,Hyderabad V2,
51627572,Cherlapalli,52033962,Telangana,55000013,Hyderabad V2,
51627635,Kamareddy,52033962,Telangana,55000013,Hyderabad V2,
51627665,Yenugonda,52033962,Telangana,55000013,Hyderabad V2,
51627667,Kotgir,52033962,Telangana,55000013,Hyderabad V2,
51627672,Raikal,52033962,Telangana,55000013,Hyderabad V2,
51627707,Bodu,52033962,Telangana,55000013,Hyderabad V2,
51627787,Wanaparthy,52033962,Telangana,55000013,Hyderabad V2,
51627802,Timmapur,52033962,Telangana,55000013,Hyderabad V2,
51627811,Dharmaram,52033962,Telangana,55000013,Hyderabad V2,
51627863,Kallur,52033962,Telangana,55000013,Hyderabad V2,
51627869,Gudem,52033962,Telangana,55000013,Hyderabad V2,
51627893,Kacharam,52033962,Telangana,55000013,Hyderabad V2,
51627981,Tandur,52033962,Telangana,55000013,Hyderabad V2,
51627982,Chengal,52033962,Telangana,55000013,Hyderabad V2,
51627996,Manthani,52033962,Telangana,55000013,Hyderabad V2,
51628016,Rangapur,52033962,Telangana,55000013,Hyderabad V2,
51628051,Chillapur,52033962,Telangana,55000013,Hyderabad V2,
51628054,Krishnasagar,52033962,Telangana,55000013,Hyderabad V2,
51628061,Pochampalli,52033962,Telangana,55000013,Hyderabad V2,
51628079,Koratla,52033962,Telangana,55000013,Hyderabad V2,
51628101,Tangallapalli,52033962,Telangana,55000013,Hyderabad V2,
51628123,Chennaram,52033962,Telangana,55000013,Hyderabad V2,
51628145,Girmapur,52033962,Telangana,55000013,Hyderabad V2,
51628146,Gopalapur,52033962,Telangana,55000013,Hyderabad V2,
51628171,Chintakunta,52033962,Telangana,55000013,Hyderabad V2,
51628172,Mamidipalli,52033962,Telangana,55000013,Hyderabad V2,
51628184,Pocharam,52033962,Telangana,55000013,Hyderabad V2,
51628212,Mandamarri,52033962,Telangana,55000013,Hyderabad V2,
51628216,Saidabad,52033962,Telangana,55000013,Hyderabad V2,
51628237,Acharlagudem,52033962,Telangana,55000013,Hyderabad V2,
51628318,Mustial,52033962,Telangana,55000013,Hyderabad V2,
51628322,Mahadevpur,52033962,Telangana,55000008,Kolkata V2,Remove
51628331,Kokapet,52033962,Telangana,55000013,Hyderabad V2,
51628342,Madharam,52033962,Telangana,55000013,Hyderabad V2,
51628350,Suraram,52033962,Telangana,55000013,Hyderabad V2,
51628366,Bareguda,52033962,Telangana,55000013,Hyderabad V2,
51628379,Paidipalli,52033962,Telangana,55000013,Hyderabad V2,
51628396,Moinabad,52033962,Telangana,55000013,Hyderabad V2,
51628447,Batasingaram,52033962,Telangana,55000013,Hyderabad V2,
51628502,Duddeda,52033962,Telangana,55000013,Hyderabad V2,
51628512,Kistampet,52033962,Telangana,55000013,Hyderabad V2,
51628514,Gadwal,52033962,Telangana,55000013,Hyderabad V2,
51628536,Rajendranagar,52033962,Telangana,55000013,Hyderabad V2,
51628563,Chennur,52033962,Telangana,55000013,Hyderabad V2,
51628600,Chityala,52033962,Telangana,55000013,Hyderabad V2,
51628604,Inole,52033962,Telangana,55000013,Hyderabad V2,
51628616,Konapur,52033962,Telangana,55000013,Hyderabad V2,
51628618,Mucherla,52033962,Telangana,55000013,Hyderabad V2,
51628630,Gannaram,52033962,Telangana,55000013,Hyderabad V2,
51628651,Damannapet,52033962,Telangana,55000013,Hyderabad V2,
51628668,Shamirpet,52033962,Telangana,55000013,Hyderabad V2,
51628688,Sultanabad,52033962,Telangana,55000013,Hyderabad V2,
51628694,Ibrahimpatnam,52033962,Telangana,55000013,Hyderabad V2,
51628695,Pipalpahad,52033962,Telangana,55000013,Hyderabad V2,
51628704,Bahadurpalli,52033962,Telangana,55000013,Hyderabad V2,
51628718,Chandapur,52033962,Telangana,55000013,Hyderabad V2,
51628758,Tellapur,52033962,Telangana,55000013,Hyderabad V2,
51628776,Mahabubabad,52033962,Telangana,55000013,Hyderabad V2,
51628788,Husnabad,52033962,Telangana,55000013,Hyderabad V2,
51628793,Chagal,52033962,Telangana,55000013,Hyderabad V2,
51628802,Nandipet,52033962,Telangana,55000013,Hyderabad V2,
51628809,Madhira,52033962,Telangana,55000013,Hyderabad V2,
51628832,Jinnaram,52033962,Telangana,55000013,Hyderabad V2,
51628848,Hayatnagar,52033962,Telangana,55000013,Hyderabad V2,
51628873,Ghanpur,52033962,Telangana,55000013,Hyderabad V2,
51628874,Baswapur,52033962,Telangana,55000013,Hyderabad V2,
51628875,Chandragiri,52033962,Telangana,55000009,Bangalore V2,Remove
51628888,Nakrekal,52033962,Telangana,55000013,Hyderabad V2,
51628916,Gundlapally,52033962,Telangana,55000013,Hyderabad V2,
51628934,Singaram,52033962,Telangana,55000013,Hyderabad V2,
51628951,Mustipalli,52033962,Telangana,55000013,Hyderabad V2,
51628959,Bellampalli,52033962,Telangana,55000013,Hyderabad V2,
51628960,Rajura,52033962,Telangana,55000013,Hyderabad V2,
51628974,Veldi,52033962,Telangana,55000013,Hyderabad V2,
51628976,Khanapur,52033962,Telangana,55000013,Hyderabad V2,
51628980,Mangalpalli,52033962,Telangana,55000013,Hyderabad V2,
51628986,Rompalli,52033962,Telangana,55000013,Hyderabad V2,
51628990,Almasguda,52033962,Telangana,55000013,Hyderabad V2,
51629021,Venkatapur,52033962,Telangana,55000013,Hyderabad V2,
51629044,Bahadurpura,52033962,Telangana,55000013,Hyderabad V2,
51629057,Akaram,52033962,Telangana,55000013,Hyderabad V2,
51629091,Sarapaka,52033962,Telangana,55000013,Hyderabad V2,
51629096,Kistaram,52033962,Telangana,55000013,Hyderabad V2,
51629107,Ramayampet,52033962,Telangana,55000013,Hyderabad V2,
51629111,Gundala,52033962,Telangana,55000013,Hyderabad V2,
51629115,Manikonda,52033962,Telangana,55000013,Hyderabad V2,
51629131,Wyra,52033962,Telangana,55000013,Hyderabad V2,
51629142,Asifabad,52033962,Telangana,55000013,Hyderabad V2,
51629146,Chintakani,52033962,Telangana,55000013,Hyderabad V2,
51629184,Malakpet,52033962,Telangana,55000013,Hyderabad V2,
51629191,Gopalraopet,52033962,Telangana,55000013,Hyderabad V2,
51629207,Devapur,52033962,Telangana,55000013,Hyderabad V2,
51014557,Kota,52010035,Rajasthan,55000008,Kolkata V2,Remove
51039767,Jaipur,52010035,Rajasthan,55000013,Hyderabad V2,Remove
51048446,Ajmer,52010035,Rajasthan,55000010,Mumbai V2,Remove
51048601,Jodhpur,52010035,Rajasthan,55000008,Kolkata V2,Remove
51596557,Bharatpur,52010035,Rajasthan,55000008,Kolkata V2,Remove
51626801,Khera,52010035,Rajasthan,55000014,Delhi NCR V2,Remove
51627074,Kumari,52010035,Rajasthan,55000008,Kolkata V2,Remove
51628137,Anwali,52010035,Rajasthan,55000014,Delhi NCR V2,Remove
51628424,Kotra,52010035,Rajasthan,55000013,Hyderabad V2,Remove
51629070,Garhi,52010035,Rajasthan,55000014,Delhi NCR V2,Remove
51626747,Nagaon,52009997,Assam,55000010,Mumbai V2,Remove
51627227,Bikrampur,52009997,Assam,55000008,Kolkata V2,Remove
51063851,Dewas,52010027,Madhya Pradesh,55000008,Kolkata V2,Remove
51627768,Baroli,52010027,Madhya Pradesh,55000014,Delhi NCR V2,Remove
51062584,Patiala,52010031,Punjab,55000014,Delhi NCR V2,Remove
51148328,Alipur,52010031,Punjab,55000014,Delhi NCR V2,Remove
51149006,Kurali,52010031,Punjab,55000014,Delhi NCR V2,Remove
51627406,Daudpur,52010031,Punjab,55000008,Kolkata V2,Remove
51628680,Mirpur,52010031,Punjab,55000008,Kolkata V2,Remove
51149101,Adyar,52010036,Tamil Nadu,55000012,Chennai V2,
51149107,Arakkonam,52010036,Tamil Nadu,55000012,Chennai V2,
51149117,Chromepet,52010036,Tamil Nadu,55000012,Chennai V2,
51149122,Gingee,52010036,Tamil Nadu,55000012,Chennai V2,
51149123,Gudalur,52010036,Tamil Nadu,55000012,Chennai V2,
51149137,Kilpauk,52010036,Tamil Nadu,55000012,Chennai V2,
51149149,Madipakkam,52010036,Tamil Nadu,55000012,Chennai V2,
51149157,Mannur,52010036,Tamil Nadu,55000012,Chennai V2,
51149159,Mettupalayam,52010036,Tamil Nadu,55000012,Chennai V2,
51149164,Mylapore,52010036,Tamil Nadu,55000012,Chennai V2,
51149176,Panruti,52010036,Tamil Nadu,55000012,Chennai V2,
51149184,Perumanallur,52010036,Tamil Nadu,55000012,Chennai V2,
51149187,Ponneri,52010036,Tamil Nadu,55000012,Chennai V2,
51149189,Porur,52010036,Tamil Nadu,55000012,Chennai V2,
51149191,Pudur,52010036,Tamil Nadu,55000013,Hyderabad V2,Remove
51149192,Puliyur,52010036,Tamil Nadu,55000012,Chennai V2,
51149194,Ramanathapuram,52010036,Tamil Nadu,55000012,Chennai V2,
51149197,Royapettah,52010036,Tamil Nadu,55000012,Chennai V2,
51149198,Saidapet,52010036,Tamil Nadu,55000012,Chennai V2,
51149200,Sattur,52010036,Tamil Nadu,55000012,Chennai V2,
51149207,Sriperumbudur,52010036,Tamil Nadu,55000012,Chennai V2,
51149209,Sulur,52010036,Tamil Nadu,55000009,Bangalore V2,Remove
51149218,Tiruttani,52010036,Tamil Nadu,55000012,Chennai V2,
51149219,Tiruvallur,52010036,Tamil Nadu,55000012,Chennai V2,
51149225,Vadapalani,52010036,Tamil Nadu,55000012,Chennai V2,
51149228,Vandalur,52010036,Tamil Nadu,55000012,Chennai V2,
51149230,Villivakkam,52010036,Tamil Nadu,55000012,Chennai V2,
51149231,Virugambakkam,52010036,Tamil Nadu,55000012,Chennai V2,
51245351,Arni,52010036,Tamil Nadu,55000012,Chennai V2,
51247186,Chetput,52010036,Tamil Nadu,55000012,Chennai V2,
51256292,Perungudi,52010036,Tamil Nadu,55000012,Chennai V2,
51256361,Gummidipundi,52010036,Tamil Nadu,55000012,Chennai V2,
51626873,Reddipalayam,52010036,Tamil Nadu,55000012,Chennai V2,
51626921,Kattur,52010036,Tamil Nadu,55000012,Chennai V2,
51627067,Kattupakkam,52010036,Tamil Nadu,55000012,Chennai V2,
51627145,Nallur,52010036,Tamil Nadu,55000012,Chennai V2,
51627177,Mannivakkam,52010036,Tamil Nadu,55000012,Chennai V2,
51627241,Chittanur,52010036,Tamil Nadu,55000013,Hyderabad V2,Remove
51627259,Thandalam,52010036,Tamil Nadu,55000012,Chennai V2,
51627274,Dharmapuram,52010036,Tamil Nadu,55000013,Hyderabad V2,Remove
51627350,Housing Board,52010036,Tamil Nadu,55000014,Delhi NCR V2,Remove
51627413,Mukundarayapuram,52010036,Tamil Nadu,55000012,Chennai V2,
51627457,Pondur,52010036,Tamil Nadu,55000012,Chennai V2,
51627480,Govindapuram,52010036,Tamil Nadu,55000013,Hyderabad V2,Remove
51627494,Maduravoyal,52010036,Tamil Nadu,55000012,Chennai V2,
51627499,Oragadam,52010036,Tamil Nadu,55000012,Chennai V2,
51627506,Gandhi Nagar,52010036,Tamil Nadu,55000010,Mumbai V2,Remove
51627523,Varanavasi,52010036,Tamil Nadu,55000012,Chennai V2,
51627537,Kotturpuram,52010036,Tamil Nadu,55000012,Chennai V2,
51627548,Polivakkam,52010036,Tamil Nadu,55000012,Chennai V2,
51627586,Jangalapalli,52010036,Tamil Nadu,55000012,Chennai V2,
51627612,Ayyampettai,52010036,Tamil Nadu,55000012,Chennai V2,
51627615,Ganapathipuram,52010036,Tamil Nadu,55000012,Chennai V2,
51627642,Nolambur,52010036,Tamil Nadu,55000012,Chennai V2,
51627647,Konur,52010036,Tamil Nadu,55000012,Chennai V2,
51627658,Latteri,52010036,Tamil Nadu,55000012,Chennai V2,
51627684,Auroville,52010036,Tamil Nadu,55000012,Chennai V2,
51627693,Mangadu,52010036,Tamil Nadu,55000012,Chennai V2,
51627752,Ayanambakkam,52010036,Tamil Nadu,55000012,Chennai V2,
51627782,Nanganallur,52010036,Tamil Nadu,55000012,Chennai V2,
51627790,Karunguli,52010036,Tamil Nadu,55000012,Chennai V2,
51627891,Devadanam,52010036,Tamil Nadu,55000012,Chennai V2,
51627993,Kelambakkam,52010036,Tamil Nadu,55000012,Chennai V2,
51628001,Gunduperumbedu,52010036,Tamil Nadu,55000012,Chennai V2,
51628034,Saligramam,52010036,Tamil Nadu,55000012,Chennai V2,
51628052,Sathyamangalam,52010036,Tamil Nadu,55000012,Chennai V2,
51628056,Tiruvallikeni,52010036,Tamil Nadu,55000012,Chennai V2,
51628081,Irungattukottai,52010036,Tamil Nadu,55000012,Chennai V2,
51628095,Rajajinagar,52010036,Tamil Nadu,55000012,Chennai V2,
51628097,Tindivanam,52010036,Tamil Nadu,55000012,Chennai V2,
51628264,Manimangalam,52010036,Tamil Nadu,55000012,Chennai V2,
51628270,Venkatesapuram,52010036,Tamil Nadu,55000012,Chennai V2,
51628272,Sunguvarchatram,52010036,Tamil Nadu,55000012,Chennai V2,
51628273,Madhavaram,52010036,Tamil Nadu,55000012,Chennai V2,
51628291,Sholinganallur,52010036,Tamil Nadu,55000012,Chennai V2,
51628300,Selaiyur,52010036,Tamil Nadu,55000012,Chennai V2,
51628308,Perumbakkam,52010036,Tamil Nadu,55000012,Chennai V2,
51628341,Vadakarai,52010036,Tamil Nadu,55000012,Chennai V2,
51628433,Kalkulam,52010036,Tamil Nadu,55000012,Chennai V2,
51628444,Ponniammanmedu,52010036,Tamil Nadu,55000012,Chennai V2,
51628528,Vellanur,52010036,Tamil Nadu,55000012,Chennai V2,
51628545,Kaveripak,52010036,Tamil Nadu,55000012,Chennai V2,
51628567,Tiruvanmiyur,52010036,Tamil Nadu,55000012,Chennai V2,
51628572,Palamathi,52010036,Tamil Nadu,55000012,Chennai V2,
51628607,Nandanam,52010036,Tamil Nadu,55000012,Chennai V2,
51628611,Vadakkupattu,52010036,Tamil Nadu,55000012,Chennai V2,
51628653,Guindy,52010036,Tamil Nadu,55000012,Chennai V2,
51628656,Karasangal,52010036,Tamil Nadu,55000012,Chennai V2,
51628869,Nandambakkam,52010036,Tamil Nadu,55000012,Chennai V2,
51628885,Mugalivakkam,52010036,Tamil Nadu,55000012,Chennai V2,
51628924,Vallur,52010036,Tamil Nadu,55000012,Chennai V2,
51628964,Arungunam,52010036,Tamil Nadu,55000012,Chennai V2,
51628970,Ponnankuppam,52010036,Tamil Nadu,55000012,Chennai V2,
51628977,Kovalam,52010036,Tamil Nadu,55000012,Chennai V2,
51629117,Kondur,52010036,Tamil Nadu,55000013,Hyderabad V2,Remove
51629162,Malayambakkam,52010036,Tamil Nadu,55000012,Chennai V2,
51629165,Narasingapuram,52010036,Tamil Nadu,55000012,Chennai V2,
51629174,Sengadu,52010036,Tamil Nadu,55000012,Chennai V2,
51629192,Pallikaranai,52010036,Tamil Nadu,55000012,Chennai V2,
51007387,Pune,52001320,Maharashtra,55000011,Pune V2,
51014689,Nanded,52001320,Maharashtra,55000011,Pune V2,
51014692,Solapur,52001320,Maharashtra,55000011,Pune V2,
51034785,Mumbai,52001320,Maharashtra,55000010,Mumbai V2,
51045106,Kalyan City,52001320,Maharashtra,55000010,Mumbai V2,
51048471,Nashik,52001320,Maharashtra,55000010,Mumbai V2,
51062780,Bhiwandi,52001320,Maharashtra,55000010,Mumbai V2,
51063905,Thane,52001320,Maharashtra,55000010,Mumbai V2,
51063913,Akola,52001320,Maharashtra,55000011,Pune V2,
51148710,Agashi,52001320,Maharashtra,55000010,Mumbai V2,
51148711,Ahmednagar,52001320,Maharashtra,55000011,Pune V2,
51148715,Alibag,52001320,Maharashtra,55000010,Mumbai V2,
51148720,Aundh,52001320,Maharashtra,55000011,Pune V2,
51148723,Baramati,52001320,Maharashtra,55000011,Pune V2,
51148725,Bhandara,52001320,Maharashtra,55000008,Kolkata V2,Remove
51148732,Chakan,52001320,Maharashtra,55000011,Pune V2,
51148739,Colaba,52001320,Maharashtra,55000010,Mumbai V2,
51148740,Dahanu,52001320,Maharashtra,55000010,Mumbai V2,
51148743,Dharavi,52001320,Maharashtra,55000010,Mumbai V2,
51148755,Indapur,52001320,Maharashtra,55000011,Pune V2,
51148757,Jamkhed,52001320,Maharashtra,55000011,Pune V2,
51148759,Jejuri,52001320,Maharashtra,55000011,Pune V2,
51148760,Juhu,52001320,Maharashtra,55000010,Mumbai V2,
51148761,Junnar,52001320,Maharashtra,55000011,Pune V2,
51148768,Karad,52001320,Maharashtra,55000011,Pune V2,
51148769,Karanja,52001320,Maharashtra,55000010,Mumbai V2,
51148770,Karjat,52001320,Maharashtra,55000010,Mumbai V2,
51148773,Khadki,52001320,Maharashtra,55000011,Pune V2,
51148780,Koregaon,52001320,Maharashtra,55000011,Pune V2,
51148781,Kurla,52001320,Maharashtra,55000010,Mumbai V2,
51148785,Madh,52001320,Maharashtra,55000011,Pune V2,
51148787,Mahad,52001320,Maharashtra,55000010,Mumbai V2,
51148788,Mahim,52001320,Maharashtra,55000010,Mumbai V2,
51148794,Math,52001320,Maharashtra,55000011,Pune V2,
51148801,Murud,52001320,Maharashtra,55000011,Pune V2,
51148804,Narayangaon,52001320,Maharashtra,55000011,Pune V2,
51148805,Ojhar,52001320,Maharashtra,55000010,Mumbai V2,
51148808,Palghar,52001320,Maharashtra,55000010,Mumbai V2,
51148812,Pandharpur,52001320,Maharashtra,55000011,Pune V2,
51148814,Panvel,52001320,Maharashtra,55000010,Mumbai V2,
51148817,Parel,52001320,Maharashtra,55000010,Mumbai V2,
51148821,Phaltan,52001320,Maharashtra,55000011,Pune V2,
51148824,Pirangut,52001320,Maharashtra,55000011,Pune V2,
51148829,Rahuri,52001320,Maharashtra,55000011,Pune V2,
51148833,Roha,52001320,Maharashtra,55000010,Mumbai V2,
51148835,Satara,52001320,Maharashtra,55000011,Pune V2,
51148840,Shahapur,52001320,Maharashtra,55000010,Mumbai V2,
51148843,Shirdi,52001320,Maharashtra,55000011,Pune V2,
51148848,Sion,52001320,Maharashtra,55000010,Mumbai V2,
51148850,Sopara,52001320,Maharashtra,55000010,Mumbai V2,
51148864,Vadgaon,52001320,Maharashtra,55000011,Pune V2,
51148869,Vashi,52001320,Maharashtra,55000010,Mumbai V2,
51148871,Vikhroli,52001320,Maharashtra,55000010,Mumbai V2,
51148873,Virar,52001320,Maharashtra,55000010,Mumbai V2,
51148876,Wadala,52001320,Maharashtra,55000010,Mumbai V2,
51148879,Worli,52001320,Maharashtra,55000010,Mumbai V2,
51148880,Yeola,52001320,Maharashtra,55000010,Mumbai V2,
51246533,Bandra West,52001320,Maharashtra,55000010,Mumbai V2,
51247861,Lonavala,52001320,Maharashtra,55000011,Pune V2,
51248230,Arali,52001320,Maharashtra,55000011,Pune V2,
51256269,Madha,52001320,Maharashtra,55000011,Pune V2,
51256284,Neral,52001320,Maharashtra,55000010,Mumbai V2,
51256313,Daund,52001320,Maharashtra,55000011,Pune V2,
51256340,Pen,52001320,Maharashtra,55000010,Mumbai V2,
51256356,Sangamner,52001320,Maharashtra,55000011,Pune V2,
51265648,Aurangabad,52001320,Maharashtra,55000008,Kolkata V2,Remove
51266036,Beed,52001320,Maharashtra,55000010,Mumbai V2,
51576136,Jaskhar,52001320,Maharashtra,55000010,Mumbai V2,
51576353,N.S.Karanja,52001320,Maharashtra,55000010,Mumbai V2,
51590155,Balapur,52001320,Maharashtra,55000013,Hyderabad V2,Remove
51601312,Karanji,52001320,Maharashtra,55000011,Pune V2,
51602709,Andheri,52001320,Maharashtra,55000010,Mumbai V2,
51626377,Ghodegaon,52001320,Maharashtra,55000011,Pune V2,
51626378,Bhosarigoan,52001320,Maharashtra,55000011,Pune V2,
51626379,Manchar,52001320,Maharashtra,55000011,Pune V2,
51626380,Akurdi,52001320,Maharashtra,55000011,Pune V2,
51626384,Indrayaninagar,52001320,Maharashtra,55000011,Pune V2,
51626386,Kalewadi,52001320,Maharashtra,55000011,Pune V2,
51626387,Dapodi,52001320,Maharashtra,55000011,Pune V2,
51626391,Nehrunagar,52001320,Maharashtra,55000011,Pune V2,
51626401,Kiwale,52001320,Maharashtra,55000011,Pune V2,
51626407,Dhanori,52001320,Maharashtra,55000011,Pune V2,
51626409,Koregaon Mul,52001320,Maharashtra,55000011,Pune V2,
51626418,Dhamani,52001320,Maharashtra,55000011,Pune V2,
51626421,Kedgaon,52001320,Maharashtra,55000011,Pune V2,
51626822,Golegaon,52001320,Maharashtra,55000011,Pune V2,
51626837,Kurla West,52001320,Maharashtra,55000010,Mumbai V2,
51626844,Rajewadi,52001320,Maharashtra,55000011,Pune V2,
51626853,Shikrapur,52001320,Maharashtra,55000011,Pune V2,
51626858,Sakegaon,52001320,Maharashtra,55000011,Pune V2,
51626898,Mohol,52001320,Maharashtra,55000011,Pune V2,
51626941,Gunj,52001320,Maharashtra,55000013,Hyderabad V2,Remove
51626955,Kopar Khairne,52001320,Maharashtra,55000010,Mumbai V2,
51626978,Shirur,52001320,Maharashtra,55000011,Pune V2,
51626982,Ranjangaon,52001320,Maharashtra,55000011,Pune V2,
51627025,Kherwadi,52001320,Maharashtra,55000010,Mumbai V2,
51627053,Diksal,52001320,Maharashtra,55000011,Pune V2,
51627063,Uran,52001320,Maharashtra,55000010,Mumbai V2,
51627071,Parner,52001320,Maharashtra,55000011,Pune V2,
51627075,Bokadvira,52001320,Maharashtra,55000010,Mumbai V2,
51627117,Khandale,52001320,Maharashtra,55000010,Mumbai V2,
51627144,Dhumalwadi,52001320,Maharashtra,55000011,Pune V2,
51627152,Kaman,52001320,Maharashtra,55000010,Mumbai V2,
51627157,Baner,52001320,Maharashtra,55000011,Pune V2,
51627163,Songaon,52001320,Maharashtra,55000011,Pune V2,
51627164,Bhingar,52001320,Maharashtra,55000011,Pune V2,
51627171,Malewadi,52001320,Maharashtra,55000011,Pune V2,
51627184,Kudal,52001320,Maharashtra,55000011,Pune V2,
51627200,Belgaon,52001320,Maharashtra,55000010,Mumbai V2,
51627232,Dahivadi,52001320,Maharashtra,55000011,Pune V2,
51627292,Shirol,52001320,Maharashtra,55000010,Mumbai V2,
51627345,Malkapur,52001320,Maharashtra,55000011,Pune V2,
51627370,Mangarul,52001320,Maharashtra,55000010,Mumbai V2,
51627383,Soregaon,52001320,Maharashtra,55000011,Pune V2,
51627432,Sanaswadi,52001320,Maharashtra,55000011,Pune V2,
51627443,Ganeshwadi,52001320,Maharashtra,55000010,Mumbai V2,
51627458,Lonand,52001320,Maharashtra,55000011,Pune V2,
51627462,Pimpri,52001320,Maharashtra,55000011,Pune V2,
51627465,Shevgaon,52001320,Maharashtra,55000011,Pune V2,
51627473,Chikhalgaon,52001320,Maharashtra,55000011,Pune V2,
51627513,Phursungi,52001320,Maharashtra,55000011,Pune V2,
51627533,Udapur,52001320,Maharashtra,55000011,Pune V2,
51627554,Bhokar,52001320,Maharashtra,55000011,Pune V2,
51627628,Umela,52001320,Maharashtra,55000010,Mumbai V2,
51627634,Danda,52001320,Maharashtra,55000010,Mumbai V2,
51627652,Ghot,52001320,Maharashtra,55000011,Pune V2,
51627668,Vanjarwadi,52001320,Maharashtra,55000010,Mumbai V2,
51627682,Sangola,52001320,Maharashtra,55000011,Pune V2,
51627701,Nagapur,52001320,Maharashtra,55000010,Mumbai V2,
51627702,Dapoli,52001320,Maharashtra,55000010,Mumbai V2,
51627713,Manjari,52001320,Maharashtra,55000011,Pune V2,
51627774,Medha,52001320,Maharashtra,55000011,Pune V2,
51627814,Kharghar,52001320,Maharashtra,55000010,Mumbai V2,
51627836,Kolgaon,52001320,Maharashtra,55000011,Pune V2,
51627845,Naigaon,52001320,Maharashtra,55000010,Mumbai V2,
51627892,Darewadi,52001320,Maharashtra,55000011,Pune V2,
51627951,Uruli Devachi,52001320,Maharashtra,55000011,Pune V2,
51627970,Andheri East,52001320,Maharashtra,55000010,Mumbai V2,
51628005,Kurduvadi,52001320,Maharashtra,55000011,Pune V2,
51628013,Girgaon,52001320,Maharashtra,55000010,Mumbai V2,
51628085,Mundhva,52001320,Maharashtra,55000011,Pune V2,
51628093,Wangi,52001320,Maharashtra,55000011,Pune V2,
51628108,Tembhurni,52001320,Maharashtra,55000011,Pune V2,
51628281,Saravali,52001320,Maharashtra,55000010,Mumbai V2,
51628324,Kotul,52001320,Maharashtra,55000011,Pune V2,
51628326,Rayate,52001320,Maharashtra,55000010,Mumbai V2,
51628333,Jambhul,52001320,Maharashtra,55000010,Mumbai V2,
51628382,Barshi,52001320,Maharashtra,55000011,Pune V2,
51628404,Sangvi,52001320,Maharashtra,55000011,Pune V2,
51628429,Bharatgaon,52001320,Maharashtra,55000011,Pune V2,
51628493,Bavdhan,52001320,Maharashtra,55000011,Pune V2,
51628501,Kasarwadi,52001320,Maharashtra,55000011,Pune V2,
51628504,Khandgaon,52001320,Maharashtra,55000011,Pune V2,
51628509,Tehare,52001320,Maharashtra,55000010,Mumbai V2,
51628516,Kolegaon,52001320,Maharashtra,55000011,Pune V2,
51628565,Savali,52001320,Maharashtra,55000011,Pune V2,
51628569,Chincholi,52001320,Maharashtra,55000011,Pune V2,
51628571,Asangaon,52001320,Maharashtra,55000010,Mumbai V2,
51628579,Padghe,52001320,Maharashtra,55000010,Mumbai V2,
51628638,Bori,52001320,Maharashtra,55000011,Pune V2,
51628640,Mohadi,52001320,Maharashtra,55000010,Mumbai V2,
51628641,Khandala,52001320,Maharashtra,55000011,Pune V2,
51628669,Khadgaon,52001320,Maharashtra,55000010,Mumbai V2,
51628692,Karamba,52001320,Maharashtra,55000011,Pune V2,
51628700,Saykheda,52001320,Maharashtra,55000010,Mumbai V2,
51628703,Viman Nagar,52001320,Maharashtra,55000011,Pune V2,
51628708,Somta,52001320,Maharashtra,55000010,Mumbai V2,
51628710,Pasarni,52001320,Maharashtra,55000011,Pune V2,
51628711,Mardi,52001320,Maharashtra,55000011,Pune V2,
51628803,Khambale,52001320,Maharashtra,55000010,Mumbai V2,
51628812,Kopargaon,52001320,Maharashtra,55000011,Pune V2,
51628840,Chandkhed,52001320,Maharashtra,55000011,Pune V2,
51628847,Nagzari,52001320,Maharashtra,55000011,Pune V2,
51628902,Shindewadi,52001320,Maharashtra,55000011,Pune V2,
51628929,Ulwa,52001320,Maharashtra,55000010,Mumbai V2,
51628987,Kauthali,52001320,Maharashtra,55000011,Pune V2,
51629012,Masur,52001320,Maharashtra,55000011,Pune V2,
51629047,Pargaon,52001320,Maharashtra,55000011,Pune V2,