name|netacuity_id|targeting_tag|state_id
Nuni|938338|CITY_NUNI|52001309
Faridpur Durgapur|665008|CITY_FARIDPUR_DURGAPUR|52001309
Hayatnagar|1349483|CITY_HAYATNAGAR|52033962
Navimumbai|664977|CITY_NAVIMUMBAI|52001320
Ambarnath|726303|CITY_AMBARNATH|52001320
Bandlaguda|871211|CITY_BANDLAGUDA|52033962
Manipur|1355780|CITY_MANIPUR|52001309
Shaikpet|955307|CITY_SHAIKPET|52033962
Kamalpur|1346965|CITY_KAMALPUR|52010031
Bindapur|879151|CITY_BINDAPUR|52010008
Thakarwal|962381|CITY_THAKARWAL|52010031
Bahadurpura|1349355|CITY_BAHADURPURA|52033962
Serilingampally|739684|CITY_SERILINGAMPALLY|52033962
Rajendranagar|1349741|CITY_RAJENDRANAGAR|52033962
Andheri East|741686|CITY_ANDHERI_EAST|52001320
Harrawala|901029|CITY_HARRAWALA|52028102
Maheshpur|1355769|CITY_MAHESHPUR|52001309
Lakshminagar|923153|CITY_LAKSHMINAGAR|52009994
Budhera Zahidpur|880830|CITY_BUDHERA_ZAHIDPUR|52010044
Suraram|959944|CITY_SURARAM|52033962
Azimgarh|1346575|CITY_AZIMGARH|52010031
Daudpur|1346791|CITY_DAUDPUR|52010031
Deviwala|889123|CITY_DEVIWALA|52010031
Jamsaut|904824|CITY_JAMSAUT|52009998
Almasguda|864814|CITY_ALMASGUDA|52033962
Daskroi|664957|CITY_DASKROI|52010002
Chinnachowk|885245|CITY_CHINNACHOWK|52009994
Kadadakatte|907771|CITY_KADADAKATTE|52010011
Kopar|1341893|CITY_KOPAR|52001320
Ramakrishnapuram|1333295|CITY_RAMAKRISHNAPURAM|52009994
Joshpur|907289|CITY_JOSHPUR|52001309
Diva|891630|CITY_DIVA|52001320
Saidabad|950976|CITY_SAIDABAD|52033962
Dalanpur|1346777|CITY_DALANPUR|52010031
Kothaguda|1349560|CITY_KOTHAGUDA|52033962
Bandamkommu|871012|CITY_BANDAMKOMMU|52033962
Chandpur|1355580|CITY_CHANDPUR|52001309
Adhartal|863423|CITY_ADHARTAL|52010027
Model Town|931755|CITY_MODEL_TOWN|52010044
Habibpur|899686|CITY_HABIBPUR|52001309
Babarpur|867980|CITY_BABARPUR|52009999
Kharghar|726324|CITY_KHARGHAR|52001320
Viman Nagar|726364|CITY_VIMAN_NAGAR|52001320
Dive|891634|CITY_DIVE|52001320
Kopar Khairne|664975|CITY_KOPAR_KHAIRNE|52001320
Gobindapur|1355638|CITY_GOBINDAPUR|52001309
Golegaon|897637|CITY_GOLEGAON|52001320
Narnur|936367|CITY_NARNUR|52009994
Belapur Node-- Iii|664972|CITY_BELAPUR_NODE--_III|52001320
Mallampet|927662|CITY_MALLAMPET|52033962
Nasirpur|1336517|CITY_NASIRPUR|52009999
Nimri|937914|CITY_NIMRI|52009999
Bham|1341343|CITY_BHAM|52001320
Jaykrishnapur|905859|CITY_JAYKRISHNAPUR|52001309
Nerul Node-Ii|664978|CITY_NERUL_NODE-II|52001320
Sharfabad|955526|CITY_SHARFABAD|52010044
Sadhanpur|950468|CITY_SADHANPUR|52001309
Kokapet|918329|CITY_KOKAPET|52033962
Sagarpur|741533|CITY_SAGARPUR|52009999
Raghunathpur|659917|CITY_RAGHUNATHPUR|52001309
Narayanpur|1355801|CITY_NARAYANPUR|52001309
Bahadurpalli|869081|CITY_BAHADURPALLI|52033962
Sohana|1347383|CITY_SOHANA|52010031
Ranhola|948254|CITY_RANHOLA|52009999
Manikonda|1349634|CITY_MANIKONDA|52033962
Vavdi|966721|CITY_VAVDI|52010002
Mangasamudram|928573|CITY_MANGASAMUDRAM|52009994
Saroli|1336999|CITY_SAROLI|52010002
Gajuwaka|726047|CITY_GAJUWAKA|52009994
Dohla|891857|CITY_DOHLA|52010031
Katlaur|913333|CITY_KATLAUR|52010031
Chaudhari Ka Purwa|883531|CITY_CHAUDHARI_KA_PURWA|52010044
Balarampur|870118|CITY_BALARAMPUR|52001309
Vellanur|966914|CITY_VELLANUR|52010036
Vasant Kunj|726141|CITY_VASANT_KUNJ|52009999
Zira|726449|CITY_ZIRA|52010031
Hatgacha|901261|CITY_HATGACHA|52001309
Danda|1341475|CITY_DANDA|52001320
Pedagantyada|942990|CITY_PEDAGANTYADA|52009994
Mugalivakkam|932708|CITY_MUGALIVAKKAM|52010036
Muhana|1348760|CITY_MUHANA|52010035
Nalegaon|935336|CITY_NALEGAON|52001320
Sibpur|956086|CITY_SIBPUR|52001309
Jagadishpur|903647|CITY_JAGADISHPUR|52001309
Mathurapur|1355785|CITY_MATHURAPUR|52001309
Pattapupalem|942754|CITY_PATTAPUPALEM|52009994
Rajapur|1355846|CITY_RAJAPUR|52001309
Burari|740977|CITY_BURARI|52009999
Salcete|1398509|CITY_SALCETE|52023819
Balaga|870010|CITY_BALAGA|52009994
Kumbharia|1336819|CITY_KUMBHARIA|52010002
Baghamau|868761|CITY_BAGHAMAU|52010044
Dubgaria|892344|CITY_DUBGARIA|52001309
Khora|1352491|CITY_KHORA|52010044
Pali|1342144|CITY_PALI|52001320
Krishnarayapuram|920085|CITY_KRISHNARAYAPURAM|52010036
Kumpur|1347043|CITY_KUMPUR|52010031
Mundhva|726334|CITY_MUNDHVA|52001320
Damodarpur|1355596|CITY_DAMODARPUR|52001309
Pabbapuram|938769|CITY_PABBAPURAM|52009994
Ibrahimpatnam|1349486|CITY_IBRAHIMPATNAM|52033962
Malian|927523|CITY_MALIAN|52010031
Rani Bagh|1336521|CITY_RANI_BAGH|52009999
Basapura|873421|CITY_BASAPURA|52010011
Salt Lake|666975|CITY_SALT_LAKE|52001309
Shalamar|955354|CITY_SHALAMAR|52009999
Greater Noida|659310|CITY_GREATER_NOIDA|52010044
Ulwa|965267|CITY_ULWA|52001320
Azimganj|1355491|CITY_AZIMGANJ|52001309
Baddi|726181|CITY_BADDI|52024787
Kattupakkam|913508|CITY_KATTUPAKKAM|52010036
Anna Nagar|726522|CITY_ANNA_NAGAR|52010036
Thakurganj|1354421|CITY_THAKURGANJ|52010044
Agraharam|1333076|CITY_AGRAHARAM|52009994
Dodhpur|891787|CITY_DODHPUR|52010044
Baniara|1355519|CITY_BANIARA|52001309
Kalyan Rs|660129|CITY_KALYAN_RS|52001320
Baprola|871930|CITY_BAPROLA|52009999
Parulia|941972|CITY_PARULIA|52001309
Bhuwana|878365|CITY_BHUWANA|52010035
Mamudpur|1355776|CITY_MAMUDPUR|52001309
Harirampur|900789|CITY_HARIRAMPUR|52001309
Siraspur|957334|CITY_SIRASPUR|52009999
Besa|875056|CITY_BESA|52001320
Mundakkal|1341153|CITY_MUNDAKKAL|52010018
Chhapraula|884261|CITY_CHHAPRAULA|52010044
Ratanpur|1355861|CITY_RATANPUR|52001309
Kandi|1355706|CITY_KANDI|52001309
Kalkulam|664993|CITY_KALKULAM|52010036
Akhaipura|864224|CITY_AKHAIPURA|52010035
Jayrampur|905862|CITY_JAYRAMPUR|52001309
Bavdhan|874084|CITY_BAVDHAN|52001320
Vasundhra|966692|CITY_VASUNDHRA|52010044
Rithala|949659|CITY_RITHALA|52009999
Shahpur Jat|1336524|CITY_SHAHPUR_JAT|52009999
Bicholi Mardana|878475|CITY_BICHOLI_MARDANA|52010027
Chak Basantpur|881592|CITY_CHAK_BASANTPUR|52010044
Jakkampudi|904186|CITY_JAKKAMPUDI|52009994
Raninagar|948333|CITY_RANINAGAR|52001309
Sankrail|952672|CITY_SANKRAIL|52001309
Bhagabanpur|738200|CITY_BHAGABANPUR|52001309
Faridpur|1355619|CITY_FARIDPUR|52001309
Haibatpur|899806|CITY_HAIBATPUR|52010044
Hosa Road|902285|CITY_HOSA_ROAD|52010036
Bhagirath Pura|875477|CITY_BHAGIRATH_PURA|52010027
Chhajarsi|884110|CITY_CHHAJARSI|52010044
Vaddepalem|966124|CITY_VADDEPALEM|52009994
Medipalle|930707|CITY_MEDIPALLE|52033962
Sakipur|951324|CITY_SAKIPUR|52010044
Khanapur|1349540|CITY_KHANAPUR|52033962
Mohra|931987|CITY_MOHRA|52010044
Hauz Khas|901490|CITY_HAUZ_KHAS|52009999
Kovalam|919993|CITY_KOVALAM|52010036
Krishnapuram|1333208|CITY_KRISHNAPURAM|52009994
Mundka|933191|CITY_MUNDKA|52009999
Shrirampur|1355893|CITY_SHRIRAMPUR|52001309
Ayanambakkam|867847|CITY_AYANAMBAKKAM|52010036
Bardez|740538|CITY_BARDEZ|52023819
Sherpur|1334994|CITY_SHERPUR|52009998
Gazipur|726647|CITY_GAZIPUR|52001309
Kalinagar|909234|CITY_KALINAGAR|52001309
Mahipalpur|740535|CITY_MAHIPALPUR|52009999
Chandkheda|882740|CITY_CHANDKHEDA|52010002
Rasulpur|1355860|CITY_RASULPUR|52001309
Anakhar|865711|CITY_ANAKHAR|52001320
Colonelganj|886356|CITY_COLONELGANJ|52010044
Wazirabad|1339418|CITY_WAZIRABAD|52010008
Darsi|726045|CITY_DARSI|52009994
Shankarpara|955475|CITY_SHANKARPARA|52001309
Barwala|1336501|CITY_BARWALA|52009999
Khaira|1341820|CITY_KHAIRA|52001320
Gauripur|1355630|CITY_GAURIPUR|52001309
Guindy|726534|CITY_GUINDY|52010036
Molahera|932090|CITY_MOLAHERA|52010008
Ramchandrapur|1355852|CITY_RAMCHANDRAPUR|52001309
Chamri|1351042|CITY_CHAMRI|52010044
Kotwalguda|919977|CITY_KOTWALGUDA|52033962
Tellapur|962005|CITY_TELLAPUR|52033962
Morti|932338|CITY_MORTI|52010044
Prattipadu|945268|CITY_PRATTIPADU|52009994
Kotli Rawalan|919812|CITY_KOTLI_RAWALAN|52010031
Derol|1336649|CITY_DEROL|52010002
Kistaraopalli|917811|CITY_KISTARAOPALLI|52033962
Katan|912981|CITY_KATAN|52001309
Kosad|919449|CITY_KOSAD|52010002
Gopalnagar|1355648|CITY_GOPALNAGAR|52001309
Choa|885804|CITY_CHOA|52001309
Dharchhuwa|890181|CITY_DHARCHHUWA|52010044
Shamshpur|955435|CITY_SHAMSHPUR|52010008
Bela|1350633|CITY_BELA|52010044
Padghe|726341|CITY_PADGHE|52001320
Kattigenahalli|913481|CITY_KATTIGENAHALLI|52010011
Brahmapuri|880649|CITY_BRAHMAPURI|52001320
Baijnatha|869437|CITY_BAIJNATHA|52010044
Barshi|659926|CITY_BARSHI|52001320
Kondakarakam|918881|CITY_KONDAKARAKAM|52009994
Bara|1355523|CITY_BARA|52001309
Venkatapuram|1333359|CITY_VENKATAPURAM|52009994
Wazirganj|967744|CITY_WAZIRGANJ|52010044
Jawal|1341713|CITY_JAWAL|52001320
Mandamarri|928237|CITY_MANDAMARRI|52033962
Sagoni Kalan|950648|CITY_SAGONI_KALAN|52010027
Sardarshahar|659887|CITY_SARDARSHAHAR|52010035
Bellandur|683970|CITY_BELLANDUR|52010011
Patparganj|740536|CITY_PATPARGANJ|52009999
Nanjapura|935896|CITY_NANJAPURA|52010011
Asanandpur|867111|CITY_ASANANDPUR|52009998
Bania Bandh|871429|CITY_BANIA_BANDH|52010044
Charbagh|738189|CITY_CHARBAGH|52010044
Malatipur|726656|CITY_MALATIPUR|52001309
Handrahalli|900230|CITY_HANDRAHALLI|52010011
Naili|935099|CITY_NAILI|52009998
Karukonda|912491|CITY_KARUKONDA|52033962
Lajpat Nagar|922859|CITY_LAJPAT_NAGAR|52009999
Pahlewal|939362|CITY_PAHLEWAL|52010031
Shibpur|1355891|CITY_SHIBPUR|52001309
Vilavancode|967255|CITY_VILAVANCODE|52010036
Kherwadi|726325|CITY_KHERWADI|52001320
Yanamalakuduru|726086|CITY_YANAMALAKUDURU|52009994
Gondegaon|897804|CITY_GONDEGAON|52001320
Bahara|869118|CITY_BAHARA|52001309
Mamidipalli|927955|CITY_MAMIDIPALLI|52033962
Koralur|1340924|CITY_KORALUR|52010011
Mahespur|926152|CITY_MAHESPUR|52001309
Ichhapur|1355672|CITY_ICHHAPUR|52001309
Dabgar|886425|CITY_DABGAR|52010044
Bengaluru|742204|CITY_BENGALURU|52010011
Gopalpatti|897953|CITY_GOPALPATTI|52001320
Kalikapur|1355696|CITY_KALIKAPUR|52001309
Kulai|1355745|CITY_KULAI|52001309
Naraich|1353280|CITY_NARAICH|52010044
Jaitpur|1336510|CITY_JAITPUR|52009999
Badinagar|868459|CITY_BADINAGAR|52010044
Chituri|885777|CITY_CHITURI|52001309
Nimtita|937923|CITY_NIMTITA|52001309
Mangadu|928483|CITY_MANGADU|52010036
Ilahibagh|902826|CITY_ILAHIBAGH|52010044
Mamurabad|928000|CITY_MAMURABAD|52001320
Barauli|872316|CITY_BARAULI|52010044
Hariharpur|1355661|CITY_HARIHARPUR|52001309
Tajganj|960469|CITY_TAJGANJ|52010044
Gota|1336699|CITY_GOTA|52010002
Anaivari|865700|CITY_ANAIVARI|52010036
Umela|684033|CITY_UMELA|52001320
Naurangabad|1353327|CITY_NAURANGABAD|52010044
Mittapalem|931686|CITY_MITTAPALEM|52009994
Shafipur|1354119|CITY_SHAFIPUR|52010044
Geddalahalli|895954|CITY_GEDDALAHALLI|52010011
Madhabpur|1355762|CITY_MADHABPUR|52001309
Pathardi|740610|CITY_PATHARDI|52001320
Perumbakkam|943384|CITY_PERUMBAKKAM|52010036
Errampeta|893565|CITY_ERRAMPETA|52009994
Perumanna|943380|CITY_PERUMANNA|52010018
Borgaon|1341395|CITY_BORGAON|52001320
Kapasdanga|911278|CITY_KAPASDANGA|52001309
Allipur|864792|CITY_ALLIPUR|52010044
Ponniammanmedu|738174|CITY_PONNIAMMANMEDU|52010036
Faridabad|1338724|CITY_FARIDABAD|52010008
Asapur|1350165|CITY_ASAPUR|52010044
Karmisar|912280|CITY_KARMISAR|52010035
Palvelpula|940216|CITY_PALVELPULA|52033962
Zakhira|968106|CITY_ZAKHIRA|52009999
Satiwali|743134|CITY_SATIWALI|52001320
Gundimeda|899137|CITY_GUNDIMEDA|52009994
Yamuna Vihar|967869|CITY_YAMUNA_VIHAR|52009999
Nayaganj|1353347|CITY_NAYAGANJ|52010044
Lal Darwaza|923183|CITY_LAL_DARWAZA|52010044
Channasandra|883010|CITY_CHANNASANDRA|52010011
Pipri|1349722|CITY_PIPRI|52033962
Tiruvanmiyur|726571|CITY_TIRUVANMIYUR|52010036
Rajipur|1353752|CITY_RAJIPUR|52010044
Ganespur|1355623|CITY_GANESPUR|52001309
Ballabhpur|870435|CITY_BALLABHPUR|52001309
Ramalingapuram|947469|CITY_RAMALINGAPURAM|52010036
Hariharganj|900728|CITY_HARIHARGANJ|52010044
Vidyanagar|967198|CITY_VIDYANAGAR|52033962
Shirgaon|1342337|CITY_SHIRGAON|52001320
Dari|1336646|CITY_DARI|52010002
Churulia|684064|CITY_CHURULIA|52001309
Sahapur|726660|CITY_SAHAPUR|52001309
Gangtiahi|895052|CITY_GANGTIAHI|52028057
Barmasia|872959|CITY_BARMASIA|52028057
Hawala|901502|CITY_HAWALA|52010035
Midnapur|931300|CITY_MIDNAPUR|52001309
Lado Sarai|922630|CITY_LADO_SARAI|52009999
Marturu|929792|CITY_MARTURU|52009994
Girdharpur|897124|CITY_GIRDHARPUR|52010044
Badampet|868259|CITY_BADAMPET|52033962
Kandukur|726055|CITY_KANDUKUR|52009994
East Of Kailash|741255|CITY_EAST_OF_KAILASH|52009999
Qila|946249|CITY_QILA|52010044
Kalipur|1355699|CITY_KALIPUR|52001309
Karanpur|1352231|CITY_KARANPUR|52010044
Nagla Charandas|934471|CITY_NAGLA_CHARANDAS|52010044
Koratla|919290|CITY_KORATLA|52033962
Bareguda|872478|CITY_BAREGUDA|52033962
Gnanapuram|897217|CITY_GNANAPURAM|52009994
Nandanam|935619|CITY_NANDANAM|52010036
Mettuparai|931211|CITY_METTUPARAI|52010036
Halehalli|899992|CITY_HALEHALLI|52010011
Kamareddy|659888|CITY_KAMAREDDY|52033962
Karala|911531|CITY_KARALA|52009999
Osmannagar|938729|CITY_OSMANNAGAR|52033962
Lohna|1337889|CITY_LOHNA|52024787
Dangapara|887438|CITY_DANGAPARA|52001309
Kovvada|920016|CITY_KOVVADA|52009994
Kothuru|1333199|CITY_KOTHURU|52009994
Nanganallur|935850|CITY_NANGANALLUR|52010036
Bodavada|879958|CITY_BODAVADA|52009994
Tilma|963338|CITY_TILMA|52028057
Banitala|871473|CITY_BANITALA|52001309
Dharmsala|890291|CITY_DHARMSALA|52024787
Sangareddy|741911|CITY_SANGAREDDY|52033962
Gangadharpur|1355624|CITY_GANGADHARPUR|52001309
Mandoli|928401|CITY_MANDOLI|52010011
Ranasan|948074|CITY_RANASAN|52010002
Junwaniya|907472|CITY_JUNWANIYA|52010027
Sirsilla|659346|CITY_SIRSILLA|52033962
Bhagatpurwa|875428|CITY_BHAGATPURWA|52010044
Rustumbada|950265|CITY_RUSTUMBADA|52009994
Kunnanur|921373|CITY_KUNNANUR|52010036
Housing Board|902351|CITY_HOUSING_BOARD|52010036
Devalapuram|888967|CITY_DEVALAPURAM|52010036
Saligramam|726563|CITY_SALIGRAMAM|52010036
Jamalapur|904504|CITY_JAMALAPUR|52010044
Govindpur|1351711|CITY_GOVINDPUR|52010044
Bihar|659899|CITY_BIHAR|52009998
Nuagan|938284|CITY_NUAGAN|52010030
Kohara|1352529|CITY_KOHARA|52010044
Yenugonda|968018|CITY_YENUGONDA|52033962
Dhankot|1338688|CITY_DHANKOT|52010008
Ganipur|895099|CITY_GANIPUR|52009998
Thikri|741538|CITY_THIKRI|52010008
Bhagirathpur|1355547|CITY_BHAGIRATHPUR|52001309
Bhikharipura|877364|CITY_BHIKHARIPURA|52010044
Nizamganj|938133|CITY_NIZAMGANJ|52001320
Gajwel|726500|CITY_GAJWEL|52033962
Rachenahalli|946309|CITY_RACHENAHALLI|52010011
Rangapur|1349765|CITY_RANGAPUR|52033962
Dumuria|1355615|CITY_DUMURIA|52001309
Joynagar|907312|CITY_JOYNAGAR|52001309
Barkatoli|872843|CITY_BARKATOLI|52028057
Kotli Dewan|919802|CITY_KOTLI_DEWAN|52010031
Bapane|871910|CITY_BAPANE|52001320
Pakuria|1355813|CITY_PAKURIA|52001309
Dongargaon|1341540|CITY_DONGARGAON|52001320
Pipari|944263|CITY_PIPARI|52010044
Ghanpur|896209|CITY_GHANPUR|52033962
Jagdishpur|903737|CITY_JAGDISHPUR|52009998
Ambadi|865092|CITY_AMBADI|52001320
Balagere|726226|CITY_BALAGERE|52010011
Nigan|937614|CITY_NIGAN|52001309
Balijapalle|870347|CITY_BALIJAPALLE|52009994
Rayachoti|664949|CITY_RAYACHOTI|52009994
Telipara|961978|CITY_TELIPARA|52001309
Parappur|741010|CITY_PARAPPUR|52010018
Venkatanagaram|967069|CITY_VENKATANAGARAM|52009994
Avarankadu|867777|CITY_AVARANKADU|52010036
Viswanathapuram|967391|CITY_VISWANATHAPURAM|52010036
Dindarpur|891518|CITY_DINDARPUR|52009999
Mandiya|928380|CITY_MANDIYA|52010035
Vilankurichi|967249|CITY_VILANKURICHI|52010036
Abbigere|863098|CITY_ABBIGERE|52010011
Agasteeswaram|664991|CITY_AGASTEESWARAM|52010036
Dangarvada|887452|CITY_DANGARVADA|52010002
Vadod|966168|CITY_VADOD|52010002
Kurla West|921730|CITY_KURLA_WEST|52001320
Kistaram|1349543|CITY_KISTARAM|52033962
Pulivendla|945477|CITY_PULIVENDLA|52009994
Madanpura|1352801|CITY_MADANPURA|52010044
Basantapur|1355532|CITY_BASANTAPUR|52001309
Madna|925594|CITY_MADNA|52001309
Gollapalle|897694|CITY_GOLLAPALLE|52009994
Kovilancheri|920004|CITY_KOVILANCHERI|52010036
Baluahi|870571|CITY_BALUAHI|52009998
Allipuram|864794|CITY_ALLIPURAM|52009994
Rajpur|1336949|CITY_RAJPUR|52010002
Dehu|741691|CITY_DEHU|52001320
Birpur|1355568|CITY_BIRPUR|52001309
Agraharapulaveri|863703|CITY_AGRAHARAPULAVERI|52010036
Putteri|946196|CITY_PUTTERI|52009994
Taliparamba|726297|CITY_TALIPARAMBA|52010018
Shilaj|664958|CITY_SHILAJ|52010002
Rajajinagar|946897|CITY_RAJAJINAGAR|52010036
Govindpura|898462|CITY_GOVINDPURA|52010035
Muralinagar|933427|CITY_MURALINAGAR|52009994
Madhavaram|1349921|CITY_MADHAVARAM|52010036
Lohara|924511|CITY_LOHARA|52001320
Bibipur|878409|CITY_BIBIPUR|52010044
Tiswadi|664954|CITY_TISWADI|52023819
Shahpur|741265|CITY_SHAHPUR|52010002
Bhakhera|875815|CITY_BHAKHERA|52010035
Chandrapuram|882851|CITY_CHANDRAPURAM|52010036
Kaliganj|1355695|CITY_KALIGANJ|52001309
Santoshpur|726661|CITY_SANTOSHPUR|52001309
Kakkivadanpatti|908644|CITY_KAKKIVADANPATTI|52010036
Shahganj|955214|CITY_SHAHGANJ|52010044
Tilpat|963365|CITY_TILPAT|52010008
Railapur|946706|CITY_RAILAPUR|52033962
Kamatampalle|909868|CITY_KAMATAMPALLE|52009994
Janki Nagar|905192|CITY_JANKI_NAGAR|52010044
Sadar Bazar|950411|CITY_SADAR_BAZAR|52010044
Ghola|1355634|CITY_GHOLA|52001309
Firozpur|1351518|CITY_FIROZPUR|52010044
Jitarpur|906859|CITY_JITARPUR|52001309
Cherlopalle|883988|CITY_CHERLOPALLE|52009994
Lakshmapur|923142|CITY_LAKSHMAPUR|52033962
Nutangram|938397|CITY_NUTANGRAM|52001309
Vennur|967118|CITY_VENNUR|52010018
Chityala|885784|CITY_CHITYALA|52033962
Gopal Chak|897914|CITY_GOPAL_CHAK|52001309
Tandur|726517|CITY_TANDUR|52033962
Chunja|886237|CITY_CHUNJA|52024787
Vijayapura|745720|CITY_VIJAYAPURA|52010011
Dalan|886995|CITY_DALAN|52009998
Mannivakkam|929093|CITY_MANNIVAKKAM|52010036
Ranipur|1353815|CITY_RANIPUR|52010044
Salua|951840|CITY_SALUA|52001309
Chamla|882336|CITY_CHAMLA|52010002
Aklimpur|864325|CITY_AKLIMPUR|52010008
Surai|1342385|CITY_SURAI|52001320
Mukundapur|932904|CITY_MUKUNDAPUR|52001309
Chamaon|882224|CITY_CHAMAON|52010044
Phursungi|943798|CITY_PHURSUNGI|52001320
Wanjarwadi|967629|CITY_WANJARWADI|52001320
Anora|1350136|CITY_ANORA|52010044
Radhakantapur|946337|CITY_RADHAKANTAPUR|52001309
Nagziri|934958|CITY_NAGZIRI|52001320
Tentulia|1355921|CITY_TENTULIA|52001309
Raja Bazar|946836|CITY_RAJA_BAZAR|52010044
Bagiamau|868909|CITY_BAGIAMAU|52010044
Kharaura|915645|CITY_KHARAURA|52010044
Vemulakota|966990|CITY_VEMULAKOTA|52009994
Maidan Garhi|926597|CITY_MAIDAN_GARHI|52009999
Nagla Chhinga|934481|CITY_NAGLA_CHHINGA|52010044
Umedpura|965376|CITY_UMEDPURA|52010002
Mandapadu|928250|CITY_MANDAPADU|52009994
Maduravoyal|925653|CITY_MADURAVOYAL|52010036
Pocharam|944759|CITY_POCHARAM|52033962
Malayambakkam|927363|CITY_MALAYAMBAKKAM|52010036
Mallikpur|927737|CITY_MALLIKPUR|52001309
Ayyawarpalli|867913|CITY_AYYAWARPALLI|52033962
Bommanakatte|880223|CITY_BOMMANAKATTE|52010011
Ambli|664955|CITY_AMBLI|52010002
Seelampur|954434|CITY_SEELAMPUR|52009999
Bironda|879497|CITY_BIRONDA|52010044
Hanumanpura|1336709|CITY_HANUMANPURA|52010002
Gokulpur|1355645|CITY_GOKULPUR|52001309
Semmandalam|954700|CITY_SEMMANDALAM|52010036
Kamda Hari|909923|CITY_KAMDA_HARI|52001309
Paikpara|1355812|CITY_PAIKPARA|52001309
Abhirampur|863165|CITY_ABHIRAMPUR|52001309
Balagudaba|870024|CITY_BALAGUDABA|52009994
Tehare|961814|CITY_TEHARE|52001320
Ambapur|1336546|CITY_AMBAPUR|52010002
Shivaji Nagar|726354|CITY_SHIVAJI_NAGAR|52001320
Malewadi|927433|CITY_MALEWADI|52001320
Pahar Ganj|743587|CITY_PAHAR_GANJ|52009999
Melapuram|930916|CITY_MELAPURAM|52009994
Ayyanapalem|867887|CITY_AYYANAPALEM|52009994
Aruppukkottai|738154|CITY_ARUPPUKKOTTAI|52010036
Madhopur|1334533|CITY_MADHOPUR|52009998
Munirabad|1349664|CITY_MUNIRABAD|52033962
Morikkara|932286|CITY_MORIKKARA|52010018
Kadipur|1352105|CITY_KADIPUR|52010044
Bhikhapur|877352|CITY_BHIKHAPUR|52010044
Borpada|880506|CITY_BORPADA|52001320
Settikarai|955073|CITY_SETTIKARAI|52010036
Saykheda|954416|CITY_SAYKHEDA|52001320
Gopipur|1351689|CITY_GOPIPUR|52010044
Kotharia|1336811|CITY_KOTHARIA|52010002
Katha|1337733|CITY_KATHA|52024787
Aggondapalli|863658|CITY_AGGONDAPALLI|52010036
Kapsi|1341772|CITY_KAPSI|52001320
Ipurupalem|903169|CITY_IPURUPALEM|52009994
Palayur|939897|CITY_PALAYUR|52010036
Rasulgarh|948633|CITY_RASULGARH|52010030
Moti Bagh|741257|CITY_MOTI_BAGH|52009999
Victoriaganj|967194|CITY_VICTORIAGANJ|52010044
Kalapani|1344118|CITY_KALAPANI|52010027
Dharampura|1335537|CITY_DHARAMPURA|52028058
Natholi|936625|CITY_NATHOLI|52010031
Sadipur|1355868|CITY_SADIPUR|52001309
Nanmangalam|935910|CITY_NANMANGALAM|52010036
Sirsi|726254|CITY_SIRSI|52010011
Gollapudi|661390|CITY_GOLLAPUDI|52009994
Tallavalasa|960811|CITY_TALLAVALASA|52009994
Kaya|913775|CITY_KAYA|52001309
Lakshmipur|1355752|CITY_LAKSHMIPUR|52001309
Khidirpur|916517|CITY_KHIDIRPUR|52001309
Hirapur|1341650|CITY_HIRAPUR|52001320
Bhimrad|877495|CITY_BHIMRAD|52010002
Malkapur|726331|CITY_MALKAPUR|52001320
Somapura|958284|CITY_SOMAPURA|52010011
Boganapalli|880054|CITY_BOGANAPALLI|52010036
Vengavasal|726573|CITY_VENGAVASAL|52010036
Guwardi|899635|CITY_GUWARDI|52010035
Bhokara|877767|CITY_BHOKARA|52001320
Mopka|932178|CITY_MOPKA|52028058
Kattuvalasu|913517|CITY_KATTUVALASU|52010036
Herohalli|901712|CITY_HEROHALLI|52010011
Nallapadu|935416|CITY_NALLAPADU|52009994
Bagda|1355495|CITY_BAGDA|52001309
Jambhul|904602|CITY_JAMBHUL|52001320
Nandanpura|1353265|CITY_NANDANPURA|52010044
Rampara|947779|CITY_RAMPARA|52001309
Khand|915218|CITY_KHAND|52028102
Kheri Khurd|1338947|CITY_KHERI_KHURD|52010008
Dohak|1346822|CITY_DOHAK|52010031
Kumarigudem|920836|CITY_KUMARIGUDEM|52033962
Bellampalli|726497|CITY_BELLAMPALLI|52033962
Haripura|1348197|CITY_HARIPURA|52010035
Sodawas|958035|CITY_SODAWAS|52010035
Baganpara|868623|CITY_BAGANPARA|52001309
Motipura|1336887|CITY_MOTIPURA|52010002
Makhupur|927072|CITY_MAKHUPUR|52010044
Nadwa|1353212|CITY_NADWA|52010044
Ramachandrapalem|947405|CITY_RAMACHANDRAPALEM|52009994
Gagi|1339740|CITY_GAGI|52028057
Naganhalli|934186|CITY_NAGANHALLI|52010011
Nandgaon|741033|CITY_NANDGAON|52001320
Dadsia|886624|CITY_DADSIA|52010008
Raypur|1355863|CITY_RAYPUR|52001309
Sahota|950905|CITY_SAHOTA|52010031
Manoharpur|1355781|CITY_MANOHARPUR|52001309
Chirravuru|885578|CITY_CHIRRAVURU|52009994
Timmapur|1349833|CITY_TIMMAPUR|52033962
Mal Para|927194|CITY_MAL_PARA|52001309
Enkepalle|893470|CITY_ENKEPALLE|52033962
Madhir|925450|CITY_MADHIR|52010031
Baruipara|873222|CITY_BARUIPARA|52001309
Kodur Rs|664944|CITY_KODUR_RS|52009994
Wadgaon|743528|CITY_WADGAON|52001320
Bhuwar|878371|CITY_BHUWAR|52010044
Timarpur|1336526|CITY_TIMARPUR|52009999
Chillapur|885043|CITY_CHILLAPUR|52033962
Mandalpur|928234|CITY_MANDALPUR|52001309
Mallampalle|927659|CITY_MALLAMPALLE|52033962
Garaimari|895257|CITY_GARAIMARI|52001309
Jaunaji|905751|CITY_JAUNAJI|52024787
Mahuva|726164|CITY_MAHUVA|52010002
Fatepura|893801|CITY_FATEPURA|52010002
Dhanwanpur|890046|CITY_DHANWANPUR|52010008
Salempur|951617|CITY_SALEMPUR|52010044
Jaggayyapeta|903751|CITY_JAGGAYYAPETA|52009994
Sholinganallur|726567|CITY_SHOLINGANALLUR|52010036
Sivapuram|1333334|CITY_SIVAPURAM|52009994
Sakegaon|951267|CITY_SAKEGAON|52001320
Kaniyambetta|664967|CITY_KANIYAMBETTA|52010018
Maranga|929381|CITY_MARANGA|52009998
Kaza|913797|CITY_KAZA|52009994
Kolari|918465|CITY_KOLARI|52010018
Akkammapettai|864283|CITY_AKKAMMAPETTAI|52010036
Kutubshahpet|922338|CITY_KUTUBSHAHPET|52033962
Khardi|1341838|CITY_KHARDI|52001320
Salaiya|1345507|CITY_SALAIYA|52010027
Kurduvadi|921628|CITY_KURDUVADI|52001320
Kurukshetra|656984|CITY_KURUKSHETRA|52010008
Madhapar|925416|CITY_MADHAPAR|52010002
Khatamba|916016|CITY_KHATAMBA|52010002
Madinapadu|925565|CITY_MADINAPADU|52009994
Rompalli|949832|CITY_ROMPALLI|52033962
Kasimkota|912803|CITY_KASIMKOTA|52009994
Tiruvallikkeni|963692|CITY_TIRUVALLIKKENI|52010036
Dahilamau|886792|CITY_DAHILAMAU|52010044
Pedapulipaka|942994|CITY_PEDAPULIPAKA|52009994
Ghuni|896837|CITY_GHUNI|52001309
Gadadharpur|738233|CITY_GADADHARPUR|52001309
Rayabhupalapatnam|949076|CITY_RAYABHUPALAPATNAM|52009994
Abdullapur|1349317|CITY_ABDULLAPUR|52033962
Kasim Chak|912799|CITY_KASIM_CHAK|52009998
Asarori|867150|CITY_ASARORI|52028102
Chelavur|883840|CITY_CHELAVUR|52010018
Saraswatipur|1355882|CITY_SARASWATIPUR|52001309
Gondipura|897827|CITY_GONDIPURA|52010027
Manbhauna|928159|CITY_MANBHAUNA|52010044
Raghabpur|946404|CITY_RAGHABPUR|52001309
Kottar|664994|CITY_KOTTAR|52010036
Panasapadu|940369|CITY_PANASAPADU|52009994
Gandhi Nagar|726532|CITY_GANDHI_NAGAR|52010036
Chaukhandi|1336502|CITY_CHAUKHANDI|52009999
Kondagudem|918875|CITY_KONDAGUDEM|52009994
Anwali|866370|CITY_ANWALI|52010035
Bavla|664956|CITY_BAVLA|52010002
Vadavalli|738183|CITY_VADAVALLI|52010036
Chilakaluripet|659893|CITY_CHILAKALURIPET|52009994
Bilaria|878929|CITY_BILARIA|52010044
Jaitapur|1341684|CITY_JAITAPUR|52001320
Gopgram|898009|CITY_GOPGRAM|52001309
Bommenahalli|880248|CITY_BOMMENAHALLI|52010011
Kanchanpur|1355704|CITY_KANCHANPUR|52001309
Sittalapakkam|957885|CITY_SITTALAPAKKAM|52010036
Kundur|1340939|CITY_KUNDUR|52010011
Bhatpura|876908|CITY_BHATPURA|52010044
Malhiana|927492|CITY_MALHIANA|52024787
Bishunpur|1333831|CITY_BISHUNPUR|52009998
Golkonda|897668|CITY_GOLKONDA|52033962
Dogachhia|891814|CITY_DOGACHHIA|52001309
Kallakurichi|726537|CITY_KALLAKURICHI|52010036
Dundahera|892915|CITY_DUNDAHERA|52010044
Selaiyur|743729|CITY_SELAIYUR|52010036
Bikrampur|1333405|CITY_BIKRAMPUR|52009997
Wanaparthy|659347|CITY_WANAPARTHY|52033962
Munirka|740978|CITY_MUNIRKA|52009999
Ashrafpur|1341258|CITY_ASHRAFPUR|52001320
Kadru|908057|CITY_KADRU|52028057
Bori|880428|CITY_BORI|52001320
Siruseri|957641|CITY_SIRUSERI|52010036
Paisar|1353446|CITY_PAISAR|52010044
Ainthapali|863983|CITY_AINTHAPALI|52010030
Dongargarh|740966|CITY_DONGARGARH|52028058
Shatabgarh|955550|CITY_SHATABGARH|52010031
Bhingar|877521|CITY_BHINGAR|52001320
Shyamsundarpur|726664|CITY_SHYAMSUNDARPUR|52001309
Shyampura|1349150|CITY_SHYAMPURA|52010035
Patelguda|942293|CITY_PATELGUDA|52033962
Pipalpahad|944205|CITY_PIPALPAHAD|52033962
Birnagar|879473|CITY_BIRNAGAR|52001309
Bagolu|868972|CITY_BAGOLU|52024787
Barwa|1346652|CITY_BARWA|52010031
Dandupadu|887400|CITY_DANDUPADU|52009994
Kuttikkattur|922328|CITY_KUTTIKKATTUR|52010018
Jawahar Nagar|665003|CITY_JAWAHAR_NAGAR|52028102
Nanagar|935540|CITY_NANAGAR|52001309
Mohammadpura|931847|CITY_MOHAMMADPURA|52010027
Ramachandrapuram Old Town|664948|CITY_RAMACHANDRAPURAM_OLD_TOWN|52009994
Gorwa|898271|CITY_GORWA|52010002
Malpura|1348663|CITY_MALPURA|52010035
Palavalasa|939877|CITY_PALAVALASA|52009994
Bharera|876471|CITY_BHARERA|52010044
Gonpad|897890|CITY_GONPAD|52033962
Raipura|1336254|CITY_RAIPURA|52028058
Chidambaranathanpettai|884786|CITY_CHIDAMBARANATHANPETTAI|52010036
Dhanaut|889705|CITY_DHANAUT|52009998
Alireddipalle|864727|CITY_ALIREDDIPALLE|52009994
Pawarwadi|942937|CITY_PAWARWADI|52001320
Gollapalli|897695|CITY_GOLLAPALLI|52009994
Laskarpur|923737|CITY_LASKARPUR|52001309
Lakshmipuram|1333221|CITY_LAKSHMIPURAM|52009994
Kaliachak|909146|CITY_KALIACHAK|52001309
Rajam|726072|CITY_RAJAM|52009994
Baikunthapur|1355505|CITY_BAIKUNTHAPUR|52001309
Chennur|1349388|CITY_CHENNUR|52033962
Kelambakkam|726540|CITY_KELAMBAKKAM|52010036
Bhamian Khurd|876066|CITY_BHAMIAN_KHURD|52010031
Bagchara|868667|CITY_BAGCHARA|52001309
Joganand|906991|CITY_JOGANAND|52010031
Kanksa|910920|CITY_KANKSA|52001309
Ghanmod|896207|CITY_GHANMOD|52001320
Dulmi|1355613|CITY_DULMI|52001309
Purwa Rawat|946073|CITY_PURWA_RAWAT|52010044
Alamarathupatti|864487|CITY_ALAMARATHUPATTI|52010036
Deesa|726155|CITY_DEESA|52010002
Navapura|936885|CITY_NAVAPURA|52010002
Kedavur|913848|CITY_KEDAVUR|52010018
Shekhpura|955600|CITY_SHEKHPURA|52009998
Kharika|1352448|CITY_KHARIKA|52010044
Bommanahalli|880222|CITY_BOMMANAHALLI|52010011
Banswada|726496|CITY_BANSWADA|52033962
Govinda Agraharam|898433|CITY_GOVINDA_AGRAHARAM|52010036
Chutia|1339675|CITY_CHUTIA|52028057
Piduguralla|943881|CITY_PIDUGURALLA|52009994
Kelgeri|913932|CITY_KELGERI|52010011
Kasna|912856|CITY_KASNA|52010044
Gobra|1355640|CITY_GOBRA|52001309
Kothamangalam|659909|CITY_KOTHAMANGALAM|52010018
Kachnari|1344082|CITY_KACHNARI|52010027
Silora|956666|CITY_SILORA|52010035
Belun|874735|CITY_BELUN|52001309
Kothapeta|741230|CITY_KOTHAPETA|52009994
Nedumbassery|743668|CITY_NEDUMBASSERY|52010018
Tindivanam|659922|CITY_TINDIVANAM|52010036
Vekkalam|966780|CITY_VEKKALAM|52010018
Goripalya|898200|CITY_GORIPALYA|52010011
Sagwan|950682|CITY_SAGWAN|52001320
Ammankovilpudur|865482|CITY_AMMANKOVILPUDUR|52010036
Sarpavaram|953691|CITY_SARPAVARAM|52009994
Tiruvattar|963697|CITY_TIRUVATTAR|52010036
Shamshabad|726515|CITY_SHAMSHABAD|52033962
Babakkarpur|867968|CITY_BABAKKARPUR|52009998
Maujpur|1336516|CITY_MAUJPUR|52009999
Mulaguntapadu|932927|CITY_MULAGUNTAPADU|52009994
Yellampalle|967979|CITY_YELLAMPALLE|52009994
Bandipur|1355518|CITY_BANDIPUR|52001309
Ambhua|865214|CITY_AMBHUA|52001309
Sarya|1354072|CITY_SARYA|52010044
Baori|871903|CITY_BAORI|52010035
Nallur|935440|CITY_NALLUR|52010036
Durjanpur|893103|CITY_DURJANPUR|52010044
Mannarai|929069|CITY_MANNARAI|52010036
Holapur|902180|CITY_HOLAPUR|52010044
Balarajapuram|870113|CITY_BALARAJAPURAM|52010036
Gumtala|899036|CITY_GUMTALA|52010031
Mathia|930211|CITY_MATHIA|52009998
Chevella|884057|CITY_CHEVELLA|52033962
Chincholi|885164|CITY_CHINCHOLI|52001320
Mahalandi|925907|CITY_MAHALANDI|52001309
Dewapur|889223|CITY_DEWAPUR|52010044
Perumbavoor|726291|CITY_PERUMBAVOOR|52010018
Ponnur|726069|CITY_PONNUR|52009994
Hariharpara|900731|CITY_HARIHARPARA|52001309
Kakkad|908620|CITY_KAKKAD|52010018
Kasipur|1355719|CITY_KASIPUR|52001309
Babanagar|867973|CITY_BABANAGAR|52033962
Nallavadu|935430|CITY_NALLAVADU|52010034
Jetpura|905949|CITY_JETPURA|52010027
Garwapur|895671|CITY_GARWAPUR|52033962
Baishnabnagar|869601|CITY_BAISHNABNAGAR|52001309
Maradu|929308|CITY_MARADU|52010018
Dantal|887571|CITY_DANTAL|52010044
Madakkulam|925204|CITY_MADAKKULAM|52010036
Kaushambi|659355|CITY_KAUSHAMBI|52010044
Yanam|659466|CITY_YANAM|52010034
Kadavur|907924|CITY_KADAVUR|52010036
Mayiladuthurai|659914|CITY_MAYILADUTHURAI|52010036
Anuppapatti|866353|CITY_ANUPPAPATTI|52010036
Dorli|1341543|CITY_DORLI|52001320
Sarangpur|1335170|CITY_SARANGPUR|52024520
Belwadi|874769|CITY_BELWADI|52001320
Kutubpur|1352688|CITY_KUTUBPUR|52010044
Somenakoppa|958312|CITY_SOMENAKOPPA|52010011
Swaminathapuram|960262|CITY_SWAMINATHAPURAM|52010036
Chhatna|1355587|CITY_CHHATNA|52001309
Kopargaon|726327|CITY_KOPARGAON|52001320
Bare|1341131|CITY_BARE|52010018
Hayatpur|1338795|CITY_HAYATPUR|52010008
Harial|900692|CITY_HARIAL|52010002
Bhatha|1336591|CITY_BHATHA|52010002
Shindewadi|955789|CITY_SHINDEWADI|52001320
Barwan|1355531|CITY_BARWAN|52001309
Hakala|899872|CITY_HAKALA|52001309
Kalibari|909177|CITY_KALIBARI|52001309
Bilawali|878955|CITY_BILAWALI|52010027
Ganeshpura|1348101|CITY_GANESHPURA|52010035
Bhaupur|877017|CITY_BHAUPUR|52010044
Sitarampura|957842|CITY_SITARAMPURA|52010035
Kagal|726319|CITY_KAGAL|52001320
Ibrahimpur|902685|CITY_IBRAHIMPUR|52010044
Nayagaon|937049|CITY_NAYAGAON|52009998
Manapur|1352960|CITY_MANAPUR|52010044
Bhairabpur|875691|CITY_BHAIRABPUR|52001309
Kallikkad|909429|CITY_KALLIKKAD|52010018
Ballari|726227|CITY_BALLARI|52010011
Bhadia|1336582|CITY_BHADIA|52010002
Jhilmil|906428|CITY_JHILMIL|52009999
Atlia|867546|CITY_ATLIA|52001309
Kalimpong|591287|CITY_KALIMPONG|52001309
Gokarna|659933|CITY_GOKARNA|52001309
Shirur|1342339|CITY_SHIRUR|52001320
Pratappur|1340166|CITY_PRATAPPUR|52028057
Bhojpur|1350852|CITY_BHOJPUR|52010044
Ratipur|948809|CITY_RATIPUR|52010008
Kakrola|908728|CITY_KAKROLA|52009999
Amarpura|1347496|CITY_AMARPURA|52010035
Golagam|897608|CITY_GOLAGAM|52009994
Mohabatnagar|931815|CITY_MOHABATNAGAR|52033962
Ganga Nagar|894813|CITY_GANGA_NAGAR|52010036
Diwakari|891640|CITY_DIWAKARI|52010035
Gavarapalem|895885|CITY_GAVARAPALEM|52009994
Bhaluka|1355550|CITY_BHALUKA|52001309
Kottagudi|919882|CITY_KOTTAGUDI|52010036
Mavoor|930565|CITY_MAVOOR|52010018
Bhadua|1355545|CITY_BHADUA|52001309
Jandaha|905027|CITY_JANDAHA|52009998
Kandawa|910429|CITY_KANDAWA|52010044
Kattur|913513|CITY_KATTUR|52010036
Bakoli|869913|CITY_BAKOLI|52009999
Barso|873150|CITY_BARSO|52010035
Navagam|936853|CITY_NAVAGAM|52010002
Gobindpur|1334095|CITY_GOBINDPUR|52009998
Guntagarlapadu|899292|CITY_GUNTAGARLAPADU|52009994
Kotalpur|919596|CITY_KOTALPUR|52001309
Motera|932395|CITY_MOTERA|52010002
Bhanpur|876288|CITY_BHANPUR|52010044
Elamkulam|893363|CITY_ELAMKULAM|52010018
Mirjalguda|931492|CITY_MIRJALGUDA|52033962
Sarangabad|953194|CITY_SARANGABAD|52001309
Harian Chhapra|900695|CITY_HARIAN_CHHAPRA|52009998
Tirupattur|726570|CITY_TIRUPATTUR|52010036
Anandwadi|865749|CITY_ANANDWADI|52001320
Manikandam|928792|CITY_MANIKANDAM|52010036
Hiriyur|902069|CITY_HIRIYUR|52010011
Kottavilai|919941|CITY_KOTTAVILAI|52010036
Kamalnagar|909761|CITY_KAMALNAGAR|52010011
Annamalaipudur|866215|CITY_ANNAMALAIPUDUR|52010036
Irungattukottai|903243|CITY_IRUNGATTUKOTTAI|52010036
Pajiana|939538|CITY_PAJIANA|52024787
Jaisingpura|903992|CITY_JAISINGPURA|52010027
Ahiran|863796|CITY_AHIRAN|52001309
Dhamangaon|889504|CITY_DHAMANGAON|52001320
Morewadi|932268|CITY_MOREWADI|52001320
Jalikatte|904364|CITY_JALIKATTE|52010011
Nagapur|1342080|CITY_NAGAPUR|52001320
Chas|741540|CITY_CHAS|52028057
Kakkanad|726270|CITY_KAKKANAD|52010018
Rishikesh|659923|CITY_RISHIKESH|52028102
Garer|895361|CITY_GARER|52010044
Manwa Khera|929269|CITY_MANWA_KHERA|52010035
Kandli|910530|CITY_KANDLI|52001320
Virpur|1345988|CITY_VIRPUR|52010027
Srikrishnapur|958826|CITY_SRIKRISHNAPUR|52001309
Borlai|880483|CITY_BORLAI|52010002
Yarnal|967907|CITY_YARNAL|52010011
Chheoki|884426|CITY_CHHEOKI|52010044
Bhatuni|876961|CITY_BHATUNI|52010027
Tadigadapa|960347|CITY_TADIGADAPA|52009994
Amanambakkam|864963|CITY_AMANAMBAKKAM|52010036
Talpura|960846|CITY_TALPURA|52010044
Murugamangalam|933632|CITY_MURUGAMANGALAM|52010036
Madapur|1355761|CITY_MADAPUR|52001309
Pasarni|942038|CITY_PASARNI|52001320
Dapoli|726311|CITY_DAPOLI|52001320
Deokali|1351295|CITY_DEOKALI|52010044
Khilkapur|916545|CITY_KHILKAPUR|52001309
Shikarpur|738192|CITY_SHIKARPUR|52010044
Sathyamangalam|726565|CITY_SATHYAMANGALAM|52010036
Kottuli|919956|CITY_KOTTULI|52010018
Atmakur|726039|CITY_ATMAKUR|52009994
Kakkaveri|908636|CITY_KAKKAVERI|52010036
Chak Wazidpur|881928|CITY_CHAK_WAZIDPUR|52010044
Chunabhati|886197|CITY_CHUNABHATI|52001309
Kedarpur|1355024|CITY_KEDARPUR|52028102
Bhatlai|876873|CITY_BHATLAI|52010002
Kotha Armur|919677|CITY_KOTHA_ARMUR|52033962
Devdha|889068|CITY_DEVDHA|52010002
Pesalabanda|943430|CITY_PESALABANDA|52009994
Saidpur|726616|CITY_SAIDPUR|52010044
Naya Gurha|937035|CITY_NAYA_GURHA|52010035
Mangalapuram|1341150|CITY_MANGALAPURAM|52010018
Pathanpura|1342176|CITY_PATHANPURA|52001320
Kalyanpura|909699|CITY_KALYANPURA|52010035
Bazidpur|874145|CITY_BAZIDPUR|52009998
Khasarwara|915983|CITY_KHASARWARA|52010044
Thandalam|962507|CITY_THANDALAM|52010036
Vasna|966683|CITY_VASNA|52010002
Hanumanthai|900376|CITY_HANUMANTHAI|52010036
Kondur|919030|CITY_KONDUR|52010036
Padana|939026|CITY_PADANA|52010002
Dahivad|886807|CITY_DAHIVAD|52001320
Pullut|945529|CITY_PULLUT|52010018
Pimpri|744131|CITY_PIMPRI|52001320
Pondur|944995|CITY_PONDUR|52010036
Balipur|1355511|CITY_BALIPUR|52001309
Pimple Gurav|944028|CITY_PIMPLE_GURAV|52001320
Dubrajpur|1355611|CITY_DUBRAJPUR|52001309
Manpura|1348707|CITY_MANPURA|52010035
Bishunpura|1350959|CITY_BISHUNPURA|52010044
Barandur|872220|CITY_BARANDUR|52010011
Vellanad|966906|CITY_VELLANAD|52010018
Karmaini|1352267|CITY_KARMAINI|52010044
Mohiuddinpur|1334640|CITY_MOHIUDDINPUR|52009998
Halalpur|1351749|CITY_HALALPUR|52010044
Udaypur|1355927|CITY_UDAYPUR|52001309
Pallipalayam|726555|CITY_PALLIPALAYAM|52010036
Puthencruz|740604|CITY_PUTHENCRUZ|52010018
Vattamkulam|966707|CITY_VATTAMKULAM|52010018
Patole|942643|CITY_PATOLE|52001320
Ambalavayal|738945|CITY_AMBALAVAYAL|52010018
Yellapura|967985|CITY_YELLAPURA|52010011
Andralu|865942|CITY_ANDRALU|52010011
Narayannagar|936172|CITY_NARAYANNAGAR|52010002
Hatisala|901407|CITY_HATISALA|52001309
Mannegunta|929078|CITY_MANNEGUNTA|52009994
Gunturpalli|899311|CITY_GUNTURPALLI|52033962
Jhungian|906621|CITY_JHUNGIAN|52010031
Kodakara|917970|CITY_KODAKARA|52010018
Puzhathi|946221|CITY_PUZHATHI|52010018
Appannapeta|866415|CITY_APPANNAPETA|52033962
Khandale|915233|CITY_KHANDALE|52001320
Manjeri|659911|CITY_MANJERI|52010018
Bankner|1336500|CITY_BANKNER|52009999
Yarehalli|967899|CITY_YAREHALLI|52010011
Lauka|923873|CITY_LAUKA|52010044
Bharatgarh|1355552|CITY_BHARATGARH|52001309
Bagbari|868664|CITY_BAGBARI|52001309
Khadaki|914525|CITY_KHADAKI|52001320
Chandausi|659916|CITY_CHANDAUSI|52010044
Podalakur|944773|CITY_PODALAKUR|52009994
Sangola|726349|CITY_SANGOLA|52001320
Ismailpur|726599|CITY_ISMAILPUR|52010044
Nizampur|1339163|CITY_NIZAMPUR|52010008
Bagar|1337100|CITY_BAGAR|52024787
Savarkundla|726173|CITY_SAVARKUNDLA|52010002
Alapur Garhia|864562|CITY_ALAPUR_GARHIA|52010044
Varanavasi|966597|CITY_VARANAVASI|52010036
Anambattu|865721|CITY_ANAMBATTU|52009994
Nayabad|937041|CITY_NAYABAD|52001309
Cheruvalur|884008|CITY_CHERUVALUR|52010018
Jammikunta|904750|CITY_JAMMIKUNTA|52033962
Tanalur|961036|CITY_TANALUR|52010018
Mandra|1355779|CITY_MANDRA|52001309
Ravulapadu|949006|CITY_RAVULAPADU|52009994
Goabaria|897221|CITY_GOABARIA|52001309
Mulayam|932965|CITY_MULAYAM|52010018
Bernagodu|875021|CITY_BERNAGODU|52010011
Anchal|726261|CITY_ANCHAL|52010018
Deole|888699|CITY_DEOLE|52001320
Kattalampatti|913439|CITY_KATTALAMPATTI|52010036
Kantur|911187|CITY_KANTUR|52001309
Sompura|958342|CITY_SOMPURA|52010011
Khiria|916615|CITY_KHIRIA|52010044
Dabla|886469|CITY_DABLA|52010035
Nurpur|1355809|CITY_NURPUR|52001309
Manipuram|928847|CITY_MANIPURAM|52010018
Gauri|1355628|CITY_GAURI|52001309
Jhikra|906409|CITY_JHIKRA|52001309
Chennaram|883924|CITY_CHENNARAM|52033962
Ravikantipeta|948991|CITY_RAVIKANTIPETA|52009994
Lalbazar|1355756|CITY_LALBAZAR|52001309
Chuba|886094|CITY_CHUBA|52024804
Muliyar|932989|CITY_MULIYAR|52010018
Nandambakkam|726551|CITY_NANDAMBAKKAM|52010036
Baghpura|868879|CITY_BAGHPURA|52010035
Mettukudi|931205|CITY_METTUKUDI|52010036
Mauna|1334619|CITY_MAUNA|52009998
Sisamau|957698|CITY_SISAMAU|52010044
Kasimpur|1355718|CITY_KASIMPUR|52001309
Narasimhapuram|936093|CITY_NARASIMHAPURAM|52009994
Beonta|874940|CITY_BEONTA|52001309
Pachlai|938916|CITY_PACHLAI|52010008
Gopalpura|1348148|CITY_GOPALPURA|52010035
Parappukkara|744089|CITY_PARAPPUKKARA|52010018
Greater Kailash|898506|CITY_GREATER_KAILASH|52009999
Venkatapur|1349851|CITY_VENKATAPUR|52033962
Ramkrishnapur|947722|CITY_RAMKRISHNAPUR|52001309
Balawala|870140|CITY_BALAWALA|52028102
Hazipur|1351829|CITY_HAZIPUR|52010044
Manda|1336859|CITY_MANDA|52010002
Kizhuparamba|917881|CITY_KIZHUPARAMBA|52010018
Chak Raghunathpur|881853|CITY_CHAK_RAGHUNATHPUR|52001309
Jafarpur|1355674|CITY_JAFARPUR|52001309
Alangad|864538|CITY_ALANGAD|52010018
Nandpur|1355215|CITY_NANDPUR|52028102
Debipur|738201|CITY_DEBIPUR|52001309
Neelankarai|937170|CITY_NEELANKARAI|52010036
Sattenapalle|741518|CITY_SATTENAPALLE|52009994
Jaypur|905861|CITY_JAYPUR|52001309
Dhantoli|890015|CITY_DHANTOLI|52001320
Atarsua|867454|CITY_ATARSUA|52009998
Banni|1337168|CITY_BANNI|52024787
Kandavara|910427|CITY_KANDAVARA|52010011
Kotturu|743596|CITY_KOTTURU|52009994
Beharpur|874268|CITY_BEHARPUR|52001309
Daniyalpur|887524|CITY_DANIYALPUR|52010044
Ranpur|1349000|CITY_RANPUR|52010035
Duddeda|892391|CITY_DUDDEDA|52033962
Nagulapalem|934937|CITY_NAGULAPALEM|52009994
Baraudha|872310|CITY_BARAUDHA|52010044
Perumkulam|943388|CITY_PERUMKULAM|52010018
Vadakkevila|966047|CITY_VADAKKEVILA|52010018
Vinukonda|726085|CITY_VINUKONDA|52009994
Domalpalli|891966|CITY_DOMALPALLI|52033962
Patimatla|942560|CITY_PATIMATLA|52033962
Gundlasagaram|899157|CITY_GUNDLASAGARAM|52009994
Avhani|867784|CITY_AVHANI|52001320
Pattanur|1341160|CITY_PATTANUR|52010018
Turakapalle|964528|CITY_TURAKAPALLE|52009994
Mangla|928612|CITY_MANGLA|52028058
Ghanshyampur|896217|CITY_GHANSHYAMPUR|52010044
Raghavendra Colony|946421|CITY_RAGHAVENDRA_COLONY|52033962
Nipania|1345094|CITY_NIPANIA|52010027
Chandpura|1351073|CITY_CHANDPURA|52010044
Chandu|1338618|CITY_CHANDU|52010008
Achutapuram|863284|CITY_ACHUTAPURAM|52033962
Dingali|891537|CITY_DINGALI|52001309
Sanaswadi|952240|CITY_SANASWADI|52001320
Kalluru|909488|CITY_KALLURU|52009994
Modasa|660742|CITY_MODASA|52010002
Badaun|868307|CITY_BADAUN|52010044
Kalingal|909236|CITY_KALINGAL|52010036
Bajipura|869703|CITY_BAJIPURA|52010002
Khangabok|915336|CITY_KHANGABOK|52024803
Udayapur|1354501|CITY_UDAYAPUR|52010044
Pamenahalli|940254|CITY_PAMENAHALLI|52010011
Jalpura|1351965|CITY_JALPURA|52010044
Peruvallur|943416|CITY_PERUVALLUR|52010018
Gannaram|895159|CITY_GANNARAM|52033962
Tulihal|726371|CITY_TULIHAL|52024803
Gundala|899083|CITY_GUNDALA|52033962
Tikari|963107|CITY_TIKARI|52010027
Gummadavalli|898996|CITY_GUMMADAVALLI|52033962
Kempanahalli|913980|CITY_KEMPANAHALLI|52010011
Mahadebpur|1355766|CITY_MAHADEBPUR|52001309
Kotikalapudi|919760|CITY_KOTIKALAPUDI|52009994
Sitapura|1349172|CITY_SITAPURA|52010035
Khirpai|916659|CITY_KHIRPAI|52001309
Biswanathpur|1355572|CITY_BISWANATHPUR|52001309
Vinnamala|967285|CITY_VINNAMALA|52009994
Khadgaon|914551|CITY_KHADGAON|52001320
Kadamwadi|907863|CITY_KADAMWADI|52001320
Kotda|919645|CITY_KOTDA|52010002
Baswapur|873811|CITY_BASWAPUR|52033962
Shirol|1342338|CITY_SHIROL|52001320
Mannamangalam|929061|CITY_MANNAMANGALAM|52010018
Amarheri|865016|CITY_AMARHERI|52010008
Inkollu|743930|CITY_INKOLLU|52009994
Kilakarai|738157|CITY_KILAKARAI|52010036
Lakrehr|923126|CITY_LAKREHR|52024787
Bamanpukur|870660|CITY_BAMANPUKUR|52001309
Ekauna|1334039|CITY_EKAUNA|52009998
Akonda|864351|CITY_AKONDA|52010044
Shahpura|1349136|CITY_SHAHPURA|52010035
Bali Chak|870288|CITY_BALI_CHAK|52001309
Meoka|931078|CITY_MEOKA|52010008
Safdarjung Enclave|950575|CITY_SAFDARJUNG_ENCLAVE|52009999
Kallur|1349511|CITY_KALLUR|52033962
Edakkad|893201|CITY_EDAKKAD|52010018
Sengadu|954827|CITY_SENGADU|52010036
Jangalapalli|1349891|CITY_JANGALAPALLI|52010036
Ghunsa|896839|CITY_GHUNSA|52010044
Budhaul|880819|CITY_BUDHAUL|52009998
Debagram|726643|CITY_DEBAGRAM|52001309
Shela|955615|CITY_SHELA|52010002
Bilkal|1349375|CITY_BILKAL|52033962
Ambarnagar|865172|CITY_AMBARNAGAR|52001309
Vilad|967235|CITY_VILAD|52001320
Jehanabad|595091|CITY_JEHANABAD|52009998
Balrau|870527|CITY_BALRAU|52010044
Raniband|948286|CITY_RANIBAND|52001309
Jemadeipur|905883|CITY_JEMADEIPUR|52010030
Umamaheswarapuram|1333354|CITY_UMAMAHESWARAPURAM|52009994
Bodna|1341387|CITY_BODNA|52001320
Nabi Purwa|933895|CITY_NABI_PURWA|52010044
Bhuri|878221|CITY_BHURI|52001309
Kothapalle|919700|CITY_KOTHAPALLE|52009994
Kumaranellur|920812|CITY_KUMARANELLUR|52010018
Mittachintavaripalle|931678|CITY_MITTACHINTAVARIPALLE|52009994
Shikrapur|1342335|CITY_SHIKRAPUR|52001320
Chandragiri|1349384|CITY_CHANDRAGIRI|52033962
Dhabli|889300|CITY_DHABLI|52010027
Krishnasagar|920090|CITY_KRISHNASAGAR|52033962
Joka|907144|CITY_JOKA|52001309
Duggirala|737834|CITY_DUGGIRALA|52009994
Pandakkal|940512|CITY_PANDAKKAL|52010034
Ganeshwadi|894794|CITY_GANESHWADI|52001320
Chandkhed|882739|CITY_CHANDKHED|52001320
Daulatpura|1347960|CITY_DAULATPURA|52010035
Channarayapatna|883008|CITY_CHANNARAYAPATNA|52010011
Tughlakabad|726140|CITY_TUGHLAKABAD|52009999
Nakrekal|726509|CITY_NAKREKAL|52033962
Mallapura|927680|CITY_MALLAPURA|52010011
Bansabati|871711|CITY_BANSABATI|52001309
Nichitpur|1355807|CITY_NICHITPUR|52001309
Una|741697|CITY_UNA|52024787
Damla|887225|CITY_DAMLA|52010008
Kamali|1337673|CITY_KAMALI|52024787
Hamirpura|1343811|CITY_HAMIRPURA|52010027
Shankarpalli|955474|CITY_SHANKARPALLI|52033962
Tarai|1354378|CITY_TARAI|52010044
Polta|944962|CITY_POLTA|52001309
Kotturpuram|726543|CITY_KOTTURPURAM|52010036
Imaliya|902875|CITY_IMALIYA|52010027
Karaimedu|911487|CITY_KARAIMEDU|52010036
Alodi|864826|CITY_ALODI|52001320
Sriramapura|958857|CITY_SRIRAMAPURA|52010011
Dhanas|1335166|CITY_DHANAS|52024520
Nolambur|938192|CITY_NOLAMBUR|52010036
Kuttur|726279|CITY_KUTTUR|52010018
Manjari|928897|CITY_MANJARI|52001320
Guttikonda|899619|CITY_GUTTIKONDA|52009994
Beli|1337238|CITY_BELI|52024787
Dantli|887590|CITY_DANTLI|52010035
Anupagarh|664987|CITY_ANUPAGARH|52010035
Fatehgarh|1351508|CITY_FATEHGARH|52010044
Nalgora|935344|CITY_NALGORA|52001309
Padarai|939040|CITY_PADARAI|52010036
Bodu|880034|CITY_BODU|52033962
Puyni|946219|CITY_PUYNI|52001320
Salpa|951814|CITY_SALPA|52001309
Muthur|933812|CITY_MUTHUR|52010036
Dugrain|892588|CITY_DUGRAIN|52024787
Ikkurru|902806|CITY_IKKURRU|52009994
Nongmynsong|741117|CITY_NONGMYNSONG|52010026
Hasanpura|901168|CITY_HASANPURA|52009998
Chanda|1355578|CITY_CHANDA|52001309
Penukonda|943221|CITY_PENUKONDA|52009994
Lamahi|923405|CITY_LAMAHI|52010044
Balapar|870103|CITY_BALAPAR|52010044
Satgachhi|954000|CITY_SATGACHHI|52001309
Kuppadi|921470|CITY_KUPPADI|52010018
Perinad|943283|CITY_PERINAD|52010018
Sarurpur|953810|CITY_SARURPUR|52010008
Amwala Uparla|865669|CITY_AMWALA_UPARLA|52028102
Hadmatiya|1336704|CITY_HADMATIYA|52010002
Badvel|726040|CITY_BADVEL|52009994
Bindki|879170|CITY_BINDKI|52010044
Salbani|1355874|CITY_SALBANI|52001309
Oinam|938525|CITY_OINAM|52024803
Harpur|900973|CITY_HARPUR|52009998
Civil Lines|886349|CITY_CIVIL_LINES|52010044
Dahej|659290|CITY_DAHEJ|52010002
Tummalapalli|964407|CITY_TUMMALAPALLI|52009994
Kudwa|920367|CITY_KUDWA|52001320
Gopalapur|1349450|CITY_GOPALAPUR|52033962
Ahmadguda|863847|CITY_AHMADGUDA|52033962
Undri|1342443|CITY_UNDRI|52001320
Muriyad|933534|CITY_MURIYAD|52010018
Badikayalapalle|868454|CITY_BADIKAYALAPALLE|52009994
Alakode|864473|CITY_ALAKODE|52010018
Pallapur|940052|CITY_PALLAPUR|52010011
Rayalam|738380|CITY_RAYALAM|52009994
Vadama|966072|CITY_VADAMA|52009994
Patharwadi|942456|CITY_PATHARWADI|52001320
Bhatar|1355553|CITY_BHATAR|52001309
Chanchal|882496|CITY_CHANCHAL|52001309
Gadapur|1346160|CITY_GADAPUR|52010030
Paleri|939926|CITY_PALERI|52010018
Drabi|892261|CITY_DRABI|52018194
Umarpur|965336|CITY_UMARPUR|52010044
Marenahalli|929513|CITY_MARENAHALLI|52010011
Chomu|885912|CITY_CHOMU|52010035
Barjala|872783|CITY_BARJALA|52010043
Kaliyanur|909293|CITY_KALIYANUR|52010036
Sumerpur|726488|CITY_SUMERPUR|52010035
Vedayapalem|966761|CITY_VEDAYAPALEM|52009994
Gollakuppam|897681|CITY_GOLLAKUPPAM|52010036
Parner|726342|CITY_PARNER|52001320
Reru|949420|CITY_RERU|52010031
Macharam|925060|CITY_MACHARAM|52033962
Gupteshwar|899322|CITY_GUPTESHWAR|52010027
Naruana|936459|CITY_NARUANA|52010031
Devlai|889131|CITY_DEVLAI|52001320
Devrukh|889156|CITY_DEVRUKH|52001320
Ratanpura|1349006|CITY_RATANPURA|52010035
Salgaon|664979|CITY_SALGAON|52001320
Elandakuttai|893368|CITY_ELANDAKUTTAI|52010036
Karsan|912421|CITY_KARSAN|52010044
Asangaon|867123|CITY_ASANGAON|52001320
Tera|962227|CITY_TERA|52010044
Nagireddipalle|1349673|CITY_NAGIREDDIPALLE|52033962
Bhartpur|876637|CITY_BHARTPUR|52024787
Bhorgarh|726137|CITY_BHORGARH|52009999
Anjugramam|866131|CITY_ANJUGRAMAM|52010036
Gokul Chak|897587|CITY_GOKUL_CHAK|52001309
Kandikatkur|910499|CITY_KANDIKATKUR|52033962
Karunapuram|726272|CITY_KARUNAPURAM|52010018
Peramangalam|943247|CITY_PERAMANGALAM|52010018
Mallasandra|927691|CITY_MALLASANDRA|52010011
Parbatipur|1355822|CITY_PARBATIPUR|52001309
Indrapura|903057|CITY_INDRAPURA|52010035
Panniyankara|940968|CITY_PANNIYANKARA|52010018
Parasia|1353512|CITY_PARASIA|52010044
Bukkacherla|880966|CITY_BUKKACHERLA|52009994
Manpur Uttar|929153|CITY_MANPUR_UTTAR|52028102
Bagi|868906|CITY_BAGI|52010044
Palangarai|939793|CITY_PALANGARAI|52010036
Kotwa|919967|CITY_KOTWA|52010044
Beypore|875156|CITY_BEYPORE|52010018
Dharau|890171|CITY_DHARAU|52010044
Barat Pahari|872293|CITY_BARAT_PAHARI|52010044
Jadabpur|726650|CITY_JADABPUR|52001309
Ballipur|870465|CITY_BALLIPUR|52010044
Dhaula Kuan|890414|CITY_DHAULA_KUAN|52009999
Palsunda|940178|CITY_PALSUNDA|52001309
Jaichandpura|903896|CITY_JAICHANDPURA|52010035
Gollagunta|897674|CITY_GOLLAGUNTA|52009994
Bandivarigudem|871207|CITY_BANDIVARIGUDEM|52009994
Karunakaracheri|912513|CITY_KARUNAKARACHERI|52010036
Khera|1348482|CITY_KHERA|52010035
Bhupati Nagar|878168|CITY_BHUPATI_NAGAR|52001309
Gangal|894863|CITY_GANGAL|52001309
Kantalia|911122|CITY_KANTALIA|52001309
Kavanur|1341142|CITY_KAVANUR|52010018
Kodgaon|918045|CITY_KODGAON|52001320
Dewari|1337442|CITY_DEWARI|52024787
Harda Khurd|900554|CITY_HARDA_KHURD|52010027
Nandigram|935687|CITY_NANDIGRAM|52001309
Savali|954305|CITY_SAVALI|52001320
Jalalipatti|904242|CITY_JALALIPATTI|52010044
Gurpara|899487|CITY_GURPARA|52001309
Babhani|1350214|CITY_BABHANI|52010044
Purakkadi|664970|CITY_PURAKKADI|52010018
Ghoga|1336507|CITY_GHOGA|52009999
Pathara|942396|CITY_PATHARA|52010030
Tikrapara|963169|CITY_TIKRAPARA|52010030
Athani|726223|CITY_ATHANI|52010011
Chokkasandra|885876|CITY_CHOKKASANDRA|52010011
Budhanpur|1338604|CITY_BUDHANPUR|52010008
Salar|1355873|CITY_SALAR|52001309
Zeenath Saint|665001|CITY_ZEENATH_SAINT|52010036
Elinjipra|893395|CITY_ELINJIPRA|52010018
Barapathar|872256|CITY_BARAPATHAR|52010026
Charipara|883260|CITY_CHARIPARA|52010043
Hingoniya|1348217|CITY_HINGONIYA|52010035
Nava|936849|CITY_NAVA|52010002
Kodur|1341143|CITY_KODUR|52010018
Parsa|941747|CITY_PARSA|52009998
Sujapur|959138|CITY_SUJAPUR|52001309
Manthani|929226|CITY_MANTHANI|52033962
Bhagtpura|875540|CITY_BHAGTPURA|52028102
Karasangal|911719|CITY_KARASANGAL|52010036
Paharpur|1353433|CITY_PAHARPUR|52010044
Sonapur|1333490|CITY_SONAPUR|52009997
Mithipur|931651|CITY_MITHIPUR|52001309
Chiyyaram|726265|CITY_CHIYYARAM|52010018
Lingapuram|1333223|CITY_LINGAPURAM|52009994
Pulpalli|664969|CITY_PULPALLI|52010018
Govindapur|898448|CITY_GOVINDAPUR|52010030
Rojhala|949785|CITY_ROJHALA|52010035
Kampasamudram|910069|CITY_KAMPASAMUDRAM|52009994
Sachana|950371|CITY_SACHANA|52010002
Cherthala|659907|CITY_CHERTHALA|52010018
Nai Basti|935036|CITY_NAI_BASTI|52010044
Mankada|928972|CITY_MANKADA|52010018
Erumpatti|893587|CITY_ERUMPATTI|52010036
Kharasi|915624|CITY_KHARASI|52010002
Indlur|903029|CITY_INDLUR|52009994
Alattur|864576|CITY_ALATTUR|52010036
Irimbiliyam|726268|CITY_IRIMBILIYAM|52010018
Kalidaspur|1355694|CITY_KALIDASPUR|52001309
Vanjarwadi|966507|CITY_VANJARWADI|52001320
Padampur|1348861|CITY_PADAMPUR|52010035
Narasingapuram|936106|CITY_NARASINGAPURAM|52010036
Digras|891327|CITY_DIGRAS|52001320
Appaipalle|866395|CITY_APPAIPALLE|52033962
Ghatampur|726596|CITY_GHATAMPUR|52010044
Jinnaram|906789|CITY_JINNARAM|52033962
Mahadebnagar|925825|CITY_MAHADEBNAGAR|52001309
Pakki Sarai|939646|CITY_PAKKI_SARAI|52009998
Firozpura|893860|CITY_FIROZPURA|52010035
Lakhanpur|1352709|CITY_LAKHANPUR|52010044
Amodra|865521|CITY_AMODRA|52010002
Uruli Devachi|965812|CITY_URULI_DEVACHI|52001320
Pathanapuram|726288|CITY_PATHANAPURAM|52010018
Kumguri|920949|CITY_KUMGURI|52009997
Girisamudram|897156|CITY_GIRISAMUDRAM|52010036
Chahardi|881474|CITY_CHAHARDI|52001320
Govindapuram|898450|CITY_GOVINDAPURAM|52010036
Chinchani|743136|CITY_CHINCHANI|52001320
Alluru|864803|CITY_ALLURU|52009994
Gonipur|897884|CITY_GONIPUR|52001309
Alamsahi|864526|CITY_ALAMSAHI|52001309
Lingapur|1349587|CITY_LINGAPUR|52033962
Kheri|745722|CITY_KHERI|52010044
Sujangarh|726487|CITY_SUJANGARH|52010035
Phirangipuram|726067|CITY_PHIRANGIPURAM|52009994
Akasampattu|864165|CITY_AKASAMPATTU|52010036
Kasapuram|912633|CITY_KASAPURAM|52009994
Jaspur Khurd|905564|CITY_JASPUR_KHURD|52028102
Dharmapuram|890264|CITY_DHARMAPURAM|52010036
Bagmari|868948|CITY_BAGMARI|52001309
Koipuram|918292|CITY_KOIPURAM|52010018
Begpur|1338539|CITY_BEGPUR|52010008
Bhokar|741689|CITY_BHOKAR|52001320
Sadarpur|1355867|CITY_SADARPUR|52001309
Konapur|918837|CITY_KONAPUR|52033962
Mujeri|932805|CITY_MUJERI|52010008
Darga|887752|CITY_DARGA|52010011
Rawatpara|949066|CITY_RAWATPARA|52010044
Biltara|879085|CITY_BILTARA|52010027
Ayodhya|726584|CITY_AYODHYA|52010044
Balekuli|870225|CITY_BALEKULI|52010036
Malesemau|927424|CITY_MALESEMAU|52010044
Jitpura|906879|CITY_JITPURA|52010002
Kachari Gaon|907645|CITY_KACHARI_GAON|52009997
Mewara|931238|CITY_MEWARA|52010035
Vankada|966514|CITY_VANKADA|52010002
Dabri|1336503|CITY_DABRI|52009999
Kesavaram|1349537|CITY_KESAVARAM|52033962
Ramuduvalasa|948031|CITY_RAMUDUVALASA|52009994
Rani Khera|1336522|CITY_RANI_KHERA|52009999
Gollaprolu|737836|CITY_GOLLAPROLU|52009994
Alur|1341129|CITY_ALUR|52010018
Chandapur|882609|CITY_CHANDAPUR|52033962
Angallu|865998|CITY_ANGALLU|52009994
Satapar|953947|CITY_SATAPAR|52010002
Nohsa|938180|CITY_NOHSA|52009998
Bermo|875020|CITY_BERMO|52028057
Tattamangalam|961723|CITY_TATTAMANGALAM|52010036
Syampur|960276|CITY_SYAMPUR|52001309
Kauthali|913652|CITY_KAUTHALI|52001320
Rataiya|948691|CITY_RATAIYA|52010002
Amlaki|865425|CITY_AMLAKI|52010035
Gopalraopet|897972|CITY_GOPALRAOPET|52033962
Achra|863275|CITY_ACHRA|52001309
Hosahundi|902300|CITY_HOSAHUNDI|52010011
Ailapuram|863926|CITY_AILAPURAM|52033962
Dhangarwadi|889827|CITY_DHANGARWADI|52001320
Gundlapally|899153|CITY_GUNDLAPALLY|52033962
Sonbarsa|1354269|CITY_SONBARSA|52010044
Shevali|955720|CITY_SHEVALI|52010011
Banamalipur|870889|CITY_BANAMALIPUR|52010030
Ugamedi|965016|CITY_UGAMEDI|52010002
Kattanam|726273|CITY_KATTANAM|52010018
Guduru|1349468|CITY_GUDURU|52033962
Jhikri|906410|CITY_JHIKRI|52001309
Mukundapuram|932905|CITY_MUKUNDAPURAM|52009994
Baner|741688|CITY_BANER|52001320
Sahsapur|950926|CITY_SAHSAPUR|52010044
Husenpur|902621|CITY_HUSENPUR|52010044
Dariyapur|1351263|CITY_DARIYAPUR|52010044
Payyannur|942972|CITY_PAYYANNUR|52010018
Gharsana|743898|CITY_GHARSANA|52010035
Hirakud|726417|CITY_HIRAKUD|52010030
Gadwal|659931|CITY_GADWAL|52033962
Kodiyeri|918094|CITY_KODIYERI|52010018
Harpurwa|901002|CITY_HARPURWA|52009998
Venkupalem|967103|CITY_VENKUPALEM|52009994
Yadgiri|659372|CITY_YADGIRI|52010011
Indlabele|903026|CITY_INDLABELE|52010011
Saidapur|1341058|CITY_SAIDAPUR|52010011
Pittanahalli|944726|CITY_PITTANAHALLI|52010011
Pappanchavadi|941177|CITY_PAPPANCHAVADI|52010034
Gaonri|895218|CITY_GAONRI|52010035
Parassala|941406|CITY_PARASSALA|52010018
Benipur|1350668|CITY_BENIPUR|52010044
Pure Birbal|945863|CITY_PURE_BIRBAL|52010044
Baghmundi|868853|CITY_BAGHMUNDI|52001309
Hilli|901824|CITY_HILLI|52001320
Balasamudram|1333097|CITY_BALASAMUDRAM|52009994
Parli|1342169|CITY_PARLI|52001320
Chhibramau|726592|CITY_CHHIBRAMAU|52010044
Pavara|942911|CITY_PAVARA|52009994
Ranapur|1346449|CITY_RANAPUR|52010030
Chengal|883896|CITY_CHENGAL|52033962
Haulia|901484|CITY_HAULIA|52001309
Jageshwar|903746|CITY_JAGESHWAR|52010002
Dhumalwadi|891009|CITY_DHUMALWADI|52001320
Dondapadu|892053|CITY_DONDAPADU|52009994
Budharam|880816|CITY_BUDHARAM|52033962
Honnenahalli|902252|CITY_HONNENAHALLI|52010011
Bansbaria|871732|CITY_BANSBARIA|52001309
Devapur|889006|CITY_DEVAPUR|52033962
Chandkhuri|882741|CITY_CHANDKHURI|52028058
Ramanattukara|726296|CITY_RAMANATTUKARA|52010018
Kamdebpur|909928|CITY_KAMDEBPUR|52001309
Belwa|874743|CITY_BELWA|52009998
Chanal Majra|882460|CITY_CHANAL_MAJRA|52024787
Andipatti|865917|CITY_ANDIPATTI|52010036
Aroor|726263|CITY_AROOR|52010018
Khamar|1355728|CITY_KHAMAR|52001309
Ramuwal|948036|CITY_RAMUWAL|52010031
Hindaun|726462|CITY_HINDAUN|52010035
Golta|897722|CITY_GOLTA|52001309
Basta|1355533|CITY_BASTA|52001309
Dhana|1337451|CITY_DHANA|52024787
Dighra|1355605|CITY_DIGHRA|52001309
Paluru|940208|CITY_PALURU|52009994
Sawargaon|954380|CITY_SAWARGAON|52001320
Sekandarpur|954494|CITY_SEKANDARPUR|52001309
Sonpet|958617|CITY_SONPET|52033962
Arampur|866531|CITY_ARAMPUR|52001309
Madakalavaripalli|925198|CITY_MADAKALAVARIPALLI|52009994
Kola|1355738|CITY_KOLA|52001309
Mundamveli|933097|CITY_MUNDAMVELI|52010018
Nandigaon|935683|CITY_NANDIGAON|52033962
Mangalduari|928508|CITY_MANGALDUARI|52001309
Kotra|919850|CITY_KOTRA|52010035
Shankarpura|1337006|CITY_SHANKARPURA|52010002
Harit|900804|CITY_HARIT|52001309
Bachpur|868194|CITY_BACHPUR|52001309
Belgram|874574|CITY_BELGRAM|52001309
Sirasgi|957330|CITY_SIRASGI|52010011
Manauri|928135|CITY_MANAURI|52010044
Jamner|726316|CITY_JAMNER|52001320
Kadua|1355689|CITY_KADUA|52001309
Mambapur|927926|CITY_MAMBAPUR|52033962
Dodballapura|659934|CITY_DODBALLAPURA|52010011
Rajchandrapur|947031|CITY_RAJCHANDRAPUR|52001309
Dilawarpur|1334009|CITY_DILAWARPUR|52009998
Jhingra|906459|CITY_JHINGRA|52001309
Dumra|1334031|CITY_DUMRA|52009998
Chikkanahalli|884891|CITY_CHIKKANAHALLI|52010011
Padugupadu|939185|CITY_PADUGUPADU|52009994
Pochampalli|944756|CITY_POCHAMPALLI|52033962
Nabinagar|1355795|CITY_NABINAGAR|52001309
Duliajan|659910|CITY_DULIAJAN|52009997
Kanaipur|910174|CITY_KANAIPUR|52001309
Pandaveshwar|665010|CITY_PANDAVESHWAR|52001309
Mandavalli|740438|CITY_MANDAVALLI|52009994
Sidhari|1354170|CITY_SIDHARI|52010044
Sadullapur|950558|CITY_SADULLAPUR|52010044
Panoli|940983|CITY_PANOLI|52010002
Basai|1338525|CITY_BASAI|52010008
Arthi|866987|CITY_ARTHI|52024787
Palamathi|939773|CITY_PALAMATHI|52010036
Manchikalapadu|928179|CITY_MANCHIKALAPADU|52009994
Chauti|883750|CITY_CHAUTI|52001309
Perambai|943249|CITY_PERAMBAI|52010036
Bhinmal|877529|CITY_BHINMAL|52010035
Paighambarpur|939416|CITY_PAIGHAMBARPUR|52009998
Marvad|929843|CITY_MARVAD|52024799
Medi|930696|CITY_MEDI|52010002
Srinivasapuram|1333338|CITY_SRINIVASAPURAM|52009994
Kulesra|920649|CITY_KULESRA|52010044
Husnabad|726501|CITY_HUSNABAD|52033962
Buvvanapalle|726042|CITY_BUVVANAPALLE|52009994
Boppudi|880345|CITY_BOPPUDI|52009994
Tiruvali|1341168|CITY_TIRUVALI|52010018
Malakpet|927264|CITY_MALAKPET|52033962
Kavilampara|913714|CITY_KAVILAMPARA|52010018
Pakari|1353449|CITY_PAKARI|52010044
Ganeshgarh|894784|CITY_GANESHGARH|52010035
Chainpura|1347845|CITY_CHAINPURA|52010035
Baijnath|726182|CITY_BAIJNATH|52024787
Lingala|1349585|CITY_LINGALA|52033962
Naroli|1336499|CITY_NAROLI|52024799
Nagarapalem|934222|CITY_NAGARAPALEM|52009994
Tiruvallikeni|744159|CITY_TIRUVALLIKENI|52010036
Saidpura|1347306|CITY_SAIDPURA|52010031
Chintakani|885383|CITY_CHINTAKANI|52033962
Bhurasar|878204|CITY_BHURASAR|52010035
Begri|874248|CITY_BEGRI|52001309
Chamrajpet|882394|CITY_CHAMRAJPET|52010011
Madupur|925644|CITY_MADUPUR|52001309
Racherla|946311|CITY_RACHERLA|52009994
Sawana|954368|CITY_SAWANA|52010044
Katholi|913218|CITY_KATHOLI|52024787
Abbapur|863092|CITY_ABBAPUR|52033962
Atraval|867584|CITY_ATRAVAL|52001320
Bhimlat|877483|CITY_BHIMLAT|52010035
Kottanallur|919917|CITY_KOTTANALLUR|52010018
Chaura|1351123|CITY_CHAURA|52010044
Radhanpur|738007|CITY_RADHANPUR|52010002
Ilampur|902832|CITY_ILAMPUR|52001309
Chintakunta|1349395|CITY_CHINTAKUNTA|52033962
Partapgarh|1347231|CITY_PARTAPGARH|52010031
Reddipalayam|949176|CITY_REDDIPALAYAM|52010036
Vemagiri|966958|CITY_VEMAGIRI|52009994
Ayyavaripeta|867911|CITY_AYYAVARIPETA|52009994
Ghot|896734|CITY_GHOT|52001320
Sihi|1339341|CITY_SIHI|52010008
Dharmaram|890267|CITY_DHARMARAM|52033962
Narayanapuram|1349689|CITY_NARAYANAPURAM|52033962
Chinnayagudem|885355|CITY_CHINNAYAGUDEM|52009994
Kripalpur|1352588|CITY_KRIPALPUR|52010044
Baraipara|872150|CITY_BARAIPARA|52009997
Talakarai|960655|CITY_TALAKARAI|52010036
Kudal|726329|CITY_KUDAL|52001320
Kadappamadai|907884|CITY_KADAPPAMADAI|52010036
Bahdan|869153|CITY_BAHDAN|52010027
Kaman|1341743|CITY_KAMAN|52001320
Tahirpur|1354353|CITY_TAHIRPUR|52010044
Malpur|927811|CITY_MALPUR|52009998
Kiranippatti|917594|CITY_KIRANIPPATTI|52010036
Udaipura|1345944|CITY_UDAIPURA|52010027
Lakshmisagara|923170|CITY_LAKSHMISAGARA|52010011
Nandipet|935713|CITY_NANDIPET|52033962
Gaggarpur|894171|CITY_GAGGARPUR|52010031
Raniwas|948372|CITY_RANIWAS|52010035
Malaiyur|927249|CITY_MALAIYUR|52010036
Mahishmari|926228|CITY_MAHISHMARI|52001309
Erragondapalem|893552|CITY_ERRAGONDAPALEM|52009994
Sooranad|958674|CITY_SOORANAD|52010018
Kaiar|908212|CITY_KAIAR|52001309
Tangallapalli|961120|CITY_TANGALLAPALLI|52033962
Eklingpura|893331|CITY_EKLINGPURA|52010035
Pallippuram|726286|CITY_PALLIPPURAM|52010018
Salempur Gujar|951631|CITY_SALEMPUR_GUJAR|52010044
Kesabpur|914250|CITY_KESABPUR|52001309
Rajura|1349745|CITY_RAJURA|52033962
Gannavaram Centre|738379|CITY_GANNAVARAM_CENTRE|52009994
Madhira|726505|CITY_MADHIRA|52033962
Shirva|955853|CITY_SHIRVA|52010011
Kishanpura|1348513|CITY_KISHANPURA|52010035
Jasaikati|905510|CITY_JASAIKATI|52001309
Lodipur|924436|CITY_LODIPUR|52009998
Ganigarahalli|895093|CITY_GANIGARAHALLI|52010011
Peddakannali|943015|CITY_PEDDAKANNALI|52009994
Meghatari|930741|CITY_MEGHATARI|52028057
Vempadu|966982|CITY_VEMPADU|52009994
Palashi|1355814|CITY_PALASHI|52001309
Nagarkurnool|741907|CITY_NAGARKURNOOL|52033962
Eranellur|893506|CITY_ERANELLUR|52010018
Gurla|899467|CITY_GURLA|52010035
Serpur|1355890|CITY_SERPUR|52001309
Eduru|893254|CITY_EDURU|52009994
Sirajpur|1355903|CITY_SIRAJPUR|52001309
Hazratpur|1351830|CITY_HAZRATPUR|52010044
Auraia|867706|CITY_AURAIA|52009998
Anaiyadivayal|865702|CITY_ANAIYADIVAYAL|52010036
Belavadi|874497|CITY_BELAVADI|52010011
Saravali|953299|CITY_SARAVALI|52001320
Khambale|915110|CITY_KHAMBALE|52001320
Dwarakapuram|893162|CITY_DWARAKAPURAM|52009994
Hardiya|1351783|CITY_HARDIYA|52010044
Vav|741608|CITY_VAV|52010002
Satane|953941|CITY_SATANE|52001320
Mayamari|930624|CITY_MAYAMARI|52001309
Inamguda|902946|CITY_INAMGUDA|52033962
Kotabommali|738219|CITY_KOTABOMMALI|52009994
Jamjodhpur|904698|CITY_JAMJODHPUR|52010002
Attapallam|867605|CITY_ATTAPALLAM|52010036
Mirapur|1353106|CITY_MIRAPUR|52010044
Kalnad|909532|CITY_KALNAD|52010018
Bhagabatipur|875394|CITY_BHAGABATIPUR|52001309
Khairathpur|914682|CITY_KHAIRATHPUR|52033962
Edava|893223|CITY_EDAVA|52010018
Pakri Bangali|939667|CITY_PAKRI_BANGALI|52009998
Vallipattu|966393|CITY_VALLIPATTU|52010036
Pedana|737960|CITY_PEDANA|52009994
Tarakeswar|726665|CITY_TARAKESWAR|52001309
Kannad|910941|CITY_KANNAD|52001320
Okha|938561|CITY_OKHA|52010002
Bagwas|869045|CITY_BAGWAS|52010035
Vadakkupattu|966054|CITY_VADAKKUPATTU|52010036
Sikri Khurd|956488|CITY_SIKRI_KHURD|52010044
Alanallur|740592|CITY_ALANALLUR|52010018
Jamira|1355679|CITY_JAMIRA|52001309
Kumily|726277|CITY_KUMILY|52010018
Rambhadrapur|947578|CITY_RAMBHADRAPUR|52001309
Mubarakpur|932522|CITY_MUBARAKPUR|52010044
Mallareddipalli|927686|CITY_MALLAREDDIPALLI|52033962
Belaka|874430|CITY_BELAKA|52010035
Kabirpur|907590|CITY_KABIRPUR|52010044
Kheri Kalan|1338946|CITY_KHERI_KALAN|52010008
Penumakalanka|943224|CITY_PENUMAKALANKA|52009994
Mahesnagar|926151|CITY_MAHESNAGAR|52001309
Nellipaka|937274|CITY_NELLIPAKA|52009994
Simaluguri|956744|CITY_SIMALUGURI|52009997
Kapurthala Town|726442|CITY_KAPURTHALA_TOWN|52010031
Devadanam|888944|CITY_DEVADANAM|52010036
Vavilala|966723|CITY_VAVILALA|52009994
Markhera|929670|CITY_MARKHERA|52010035
Kurubarahalli|921849|CITY_KURUBARAHALLI|52010011
Chainpur|1351000|CITY_CHAINPUR|52010044
Narasapur|936084|CITY_NARASAPUR|52010011
Sultanabad|959446|CITY_SULTANABAD|52033962
Chemancheri|883862|CITY_CHEMANCHERI|52010018
Nagwa|1353231|CITY_NAGWA|52010044
Madavilagam|925326|CITY_MADAVILAGAM|52010036
Domkal|892011|CITY_DOMKAL|52001309
Waki|967561|CITY_WAKI|52001320
Mangalpura|928522|CITY_MANGALPURA|52010035
Kanchangarh|910314|CITY_KANCHANGARH|52009992
Khandgaon|915274|CITY_KHANDGAON|52001320
Ranjangaon|948383|CITY_RANJANGAON|52001320
Rameswarpur|947650|CITY_RAMESWARPUR|52001309
Gunduperumbedu|726535|CITY_GUNDUPERUMBEDU|52010036
Bagnocha|868958|CITY_BAGNOCHA|52028057
Kefayetkati|913860|CITY_KEFAYETKATI|52001309
Dhelwan|890546|CITY_DHELWAN|52009998
Mettupatti|931212|CITY_METTUPATTI|52010036
Mundatola|933114|CITY_MUNDATOLA|52010030
Bhagwantpur|1354681|CITY_BHAGWANTPUR|52028102
Duddepudi|892393|CITY_DUDDEPUDI|52009994
Basavanahalli|1340758|CITY_BASAVANAHALLI|52010011
Gosaba|898276|CITY_GOSABA|52001309
Majri|1347089|CITY_MAJRI|52010031
Dharam Kot|890114|CITY_DHARAM_KOT|52024787
Haridaspur|900708|CITY_HARIDASPUR|52001309
Kavindapadi|913715|CITY_KAVINDAPADI|52010036
Sonda|1339356|CITY_SONDA|52010008
Rawatsar|726481|CITY_RAWATSAR|52010035
Amrahwa|865560|CITY_AMRAHWA|52010044
Belma|1355540|CITY_BELMA|52001309
Kojatoli|918309|CITY_KOJATOLI|52028057
Badripur|1354597|CITY_BADRIPUR|52028102
Nizampatnam|938135|CITY_NIZAMPATNAM|52009994
Balugan|870577|CITY_BALUGAN|52010030
Pania|1355818|CITY_PANIA|52001309
Ayyampettai|867884|CITY_AYYAMPETTAI|52010036
Panchli Khurd|940462|CITY_PANCHLI_KHURD|52010044
Mangarul|928571|CITY_MANGARUL|52001320
Govada|898419|CITY_GOVADA|52009994
Gangarajupuram|894927|CITY_GANGARAJUPURAM|52009994
Allapuram|864778|CITY_ALLAPURAM|52009994
Ralamandal|947337|CITY_RALAMANDAL|52010027
Kogram|918181|CITY_KOGRAM|52001309
Suhagpura|959087|CITY_SUHAGPURA|52010027
Konge|919080|CITY_KONGE|52028057
Vallur|966399|CITY_VALLUR|52010036
Mangalpalli|928517|CITY_MANGALPALLI|52033962
Chittanur|885748|CITY_CHITTANUR|52010036
Kailashpur|908262|CITY_KAILASHPUR|52001309
Chiradevi|885468|CITY_CHIRADEVI|52001320
Hetgora|901758|CITY_HETGORA|52001309
Khajuwala|914903|CITY_KHAJUWALA|52010035
Kaveripak|913703|CITY_KAVERIPAK|52010036
Jangalia|905078|CITY_JANGALIA|52001309
Khasdelpur|915987|CITY_KHASDELPUR|52001309
Arasikere|866608|CITY_ARASIKERE|52010011
Gudlavaripalle|898651|CITY_GUDLAVARIPALLE|52009994
Jadibahal|903591|CITY_JADIBAHAL|52010030
Harinarayanpur|1355663|CITY_HARINARAYANPUR|52001309
Behlot|874289|CITY_BEHLOT|52010027
Jallipeta|904407|CITY_JALLIPETA|52009994
Siramagondanahalli|957308|CITY_SIRAMAGONDANAHALLI|52010011
Kujheri|920425|CITY_KUJHERI|52024520
Malhipur|1352942|CITY_MALHIPUR|52010044
Barjora|872801|CITY_BARJORA|52001309
Rajbari|1333478|CITY_RAJBARI|52009997
Karya|912586|CITY_KARYA|52010011
Daryapur|1349405|CITY_DARYAPUR|52033962
Mrigala|932514|CITY_MRIGALA|52001309
Dasaripalem|888014|CITY_DASARIPALEM|52009994
Sompalle|958336|CITY_SOMPALLE|52009994
Tendua|962086|CITY_TENDUA|52009998
Chikkenahalli|884905|CITY_CHIKKENAHALLI|52010011
Daulpur|888249|CITY_DAULPUR|52028102
Matsyapuri|930373|CITY_MATSYAPURI|52010018
Pavanamangalam|942908|CITY_PAVANAMANGALAM|52010036
Taldi|960726|CITY_TALDI|52001309
Karakambadi|911510|CITY_KARAKAMBADI|52009994
Baghni|1337109|CITY_BAGHNI|52024787
Kayaralam|913789|CITY_KAYARALAM|52010018
Pargaon|1342167|CITY_PARGAON|52001320
Rohisa|949758|CITY_ROHISA|52010002
Mahadevpur|1349603|CITY_MAHADEVPUR|52033962
Rasidpur|1355859|CITY_RASIDPUR|52001309
Sersa|1339313|CITY_SERSA|52010008
Chikodi|743735|CITY_CHIKODI|52010011
Anad|865676|CITY_ANAD|52010018
Kumbalam|920870|CITY_KUMBALAM|52010018
Bramhapuri|726309|CITY_BRAMHAPURI|52001320
Budhupurwa|880879|CITY_BUDHUPURWA|52010044
Kandaravalli|910413|CITY_KANDARAVALLI|52009994
Yattinahalli|967919|CITY_YATTINAHALLI|52010011
Panjara|940881|CITY_PANJARA|52001320
Rayamangalam|949083|CITY_RAYAMANGALAM|52010018
Murwara|726391|CITY_MURWARA|52010027
Rahimanpuram|946562|CITY_RAHIMANPURAM|52009994
Ramnarayanpur|947753|CITY_RAMNARAYANPUR|52001309
Iriveri|903205|CITY_IRIVERI|52010018
Haringhata|738216|CITY_HARINGHATA|52001309
Chelora|883856|CITY_CHELORA|52010018
Silgapur|956602|CITY_SILGAPUR|52033962
Sonakpur|958396|CITY_SONAKPUR|52010044
Kanduri|910575|CITY_KANDURI|52001309
Dattapura|888171|CITY_DATTAPURA|52010002
Himmatgarh|1343866|CITY_HIMMATGARH|52010027
Naigaon|1342087|CITY_NAIGAON|52001320
Kalkere|909318|CITY_KALKERE|52010011
Lakshmanpur|923140|CITY_LAKSHMANPUR|52001309
Luniawas|924969|CITY_LUNIAWAS|52010035
Garha|1351579|CITY_GARHA|52010044
Kathila|913194|CITY_KATHILA|52001309
Hosahalli|902295|CITY_HOSAHALLI|52010011
Patara|1353561|CITY_PATARA|52010044
Khonoma|916860|CITY_KHONOMA|52024792
Chande|882657|CITY_CHANDE|52001320
Kurud|726129|CITY_KURUD|52028058
Badkulla|726639|CITY_BADKULLA|52001309
Cheriyamundam|883978|CITY_CHERIYAMUNDAM|52010018
Bhukhri|1346715|CITY_BHUKHRI|52010031
Gevrai|896072|CITY_GEVRAI|52001320
Atraura|867583|CITY_ATRAURA|52010044
Gudem|1349463|CITY_GUDEM|52033962
Narainpur|1353284|CITY_NARAINPUR|52010044
Harindanga|900760|CITY_HARINDANGA|52001309
Mukundpur|1353154|CITY_MUKUNDPUR|52010044
Madakkathara|925202|CITY_MADAKKATHARA|52010018
Ezhamkulam|893634|CITY_EZHAMKULAM|52010018
Dahegaon|1341466|CITY_DAHEGAON|52001320
Dhannipur|889946|CITY_DHANNIPUR|52010044
Devthari|889166|CITY_DEVTHARI|52010035
Kuruva|921935|CITY_KURUVA|52010018
Soregaon|958719|CITY_SOREGAON|52001320
Mucherla|932539|CITY_MUCHERLA|52033962
Bairia|1350316|CITY_BAIRIA|52010044
Kotgir|919673|CITY_KOTGIR|52033962
Pullur|1341164|CITY_PULLUR|52010018
Ramchandarpur|947588|CITY_RAMCHANDARPUR|52028057
Kuppampatti|921483|CITY_KUPPAMPATTI|52010036
Machohalli|925152|CITY_MACHOHALLI|52010011
Madanganj|925246|CITY_MADANGANJ|52001309
Dhamodi|889591|CITY_DHAMODI|52010027
Devpura|1347983|CITY_DEVPURA|52010035
Athni|867520|CITY_ATHNI|52010011
Cheranallur|726264|CITY_CHERANALLUR|52010018
Nawapara|1355804|CITY_NAWAPARA|52001309
Dhanora|889959|CITY_DHANORA|52001320
Bhuppur|878180|CITY_BHUPPUR|52024787
Raikal|946682|CITY_RAIKAL|52033962
Bhachau|740542|CITY_BHACHAU|52010002
Chakradharpur|882073|CITY_CHAKRADHARPUR|52010030
Melapalayam|930911|CITY_MELAPALAYAM|52010036
Suja|959122|CITY_SUJA|52009998
Ajanur|864038|CITY_AJANUR|52010018
Ranichak|948296|CITY_RANICHAK|52001309
Barhya|872674|CITY_BARHYA|52010044
Lokhandi Sawargaon|924669|CITY_LOKHANDI_SAWARGAON|52001320
Dang|1347943|CITY_DANG|52010035
Rachapalli|946301|CITY_RACHAPALLI|52009994
Godhana|897364|CITY_GODHANA|52010044
Baharampur|869120|CITY_BAHARAMPUR|52001309
Mallenahalli|927710|CITY_MALLENAHALLI|52010011
Sandholi|952321|CITY_SANDHOLI|52024787
Elgandal|893392|CITY_ELGANDAL|52033962
Daran|887659|CITY_DARAN|52024787
Hardo Pharala|900614|CITY_HARDO_PHARALA|52010031
Baloh|870499|CITY_BALOH|52024787
Paramarthalingapuram|941306|CITY_PARAMARTHALINGAPURAM|52010036
Payagipur|942952|CITY_PAYAGIPUR|52010044
Gadaipur|1336505|CITY_GADAIPUR|52009999
Kisorpur|917803|CITY_KISORPUR|52001309
Doimukh|661392|CITY_DOIMUKH|52023842
Kuttikolu|922329|CITY_KUTTIKOLU|52010018
Khordda Kulbaria|916894|CITY_KHORDDA_KULBARIA|52001309
Larpur|923698|CITY_LARPUR|52010044
Porumamilla|945106|CITY_PORUMAMILLA|52009994
Koyali|1336814|CITY_KOYALI|52010002
Chanpura|883040|CITY_CHANPURA|52009998
Edamon|893216|CITY_EDAMON|52010018
Nathdwara Chaupati|659927|CITY_NATHDWARA_CHAUPATI|52010035
Alathur|726259|CITY_ALATHUR|52010018
Mardi|740609|CITY_MARDI|52001320
Dombarahalli|891996|CITY_DOMBARAHALLI|52010011
Srikaranpur|738976|CITY_SRIKARANPUR|52010035
Brahmanagudem|880610|CITY_BRAHMANAGUDEM|52009994
Darewadi|887751|CITY_DAREWADI|52001320
Chakia|1351025|CITY_CHAKIA|52010044
Samaipur|951896|CITY_SAMAIPUR|52010008
Jarcha|905366|CITY_JARCHA|52010044
Azhiyur|867931|CITY_AZHIYUR|52010018
Potta|945192|CITY_POTTA|52010018
Dommasandra|892014|CITY_DOMMASANDRA|52010011
Balbalpara|870150|CITY_BALBALPARA|52001309
Shamirpet|955400|CITY_SHAMIRPET|52033962
Ayyagaripalle|867879|CITY_AYYAGARIPALLE|52009994
Vadapalem|966088|CITY_VADAPALEM|52009994
Behari|874263|CITY_BEHARI|52001309
Atpadi|867561|CITY_ATPADI|52001320
Maheshwari|926143|CITY_MAHESHWARI|52010008
Bhagwanpura|1335164|CITY_BHAGWANPURA|52024520
Kotputli|919849|CITY_KOTPUTLI|52010035
Auroville|726526|CITY_AUROVILLE|52010036
Chak Borda|881620|CITY_CHAK_BORDA|52001320
Chuharpur Bangar|886129|CITY_CHUHARPUR_BANGAR|52010044
Niramaruthur|743994|CITY_NIRAMARUTHUR|52010018
Jaora|726382|CITY_JAORA|52010027
Bishannagar|879653|CITY_BISHANNAGAR|52001309
Beharia|874265|CITY_BEHARIA|52001309
Daudkhedi|888202|CITY_DAUDKHEDI|52010027
Gorsa|898244|CITY_GORSA|52001309
Devanahalli|888980|CITY_DEVANAHALLI|52010011
Atur|867638|CITY_ATUR|52010036
Bijni|743533|CITY_BIJNI|52009997
Sabrampura|950359|CITY_SABRAMPURA|52010035
Kanudih|911194|CITY_KANUDIH|52010044
Morwadi|932349|CITY_MORWADI|52001320
Tada|1333343|CITY_TADA|52009994
Tolukodu|964005|CITY_TOLUKODU|52009994
Palambadi|939775|CITY_PALAMBADI|52010036
Mayanad|930629|CITY_MAYANAD|52010018
Allahganj|1350071|CITY_ALLAHGANJ|52010044
Kanupuru|911207|CITY_KANUPURU|52009994
Tilaitanr|963234|CITY_TILAITANR|52028057
Gothra|1348163|CITY_GOTHRA|52010035
Dildarnagar|891427|CITY_DILDARNAGAR|52010044
Naregaon|936213|CITY_NAREGAON|52001320
Kanwarpura|911230|CITY_KANWARPURA|52010035
Karimpur|726653|CITY_KARIMPUR|52001309
Atai|867406|CITY_ATAI|52001309
Balamuri|870087|CITY_BALAMURI|52010011
Gollapuram|897699|CITY_GOLLAPURAM|52010036
Lachhmipur|1334498|CITY_LACHHMIPUR|52009998
Jafrabad|1351915|CITY_JAFRABAD|52010044
Nidamanuru|937565|CITY_NIDAMANURU|52009994
Tondihal|964033|CITY_TONDIHAL|52010011
Basavanagar|873470|CITY_BASAVANAGAR|52010011
Polepalli|944939|CITY_POLEPALLI|52033962
Taksal|960593|CITY_TAKSAL|52024787
Malak|1352932|CITY_MALAK|52010044
Begur|874253|CITY_BEGUR|52010011
Mulug|741904|CITY_MULUG|52033962
Mangaluru|928526|CITY_MANGALURU|52010011
Gokaram|897567|CITY_GOKARAM|52033962
Burigaon|881185|CITY_BURIGAON|52001309
Chhitupur|884596|CITY_CHHITUPUR|52010044
Raghunathpura|1348959|CITY_RAGHUNATHPURA|52010035
Mynagappally|933877|CITY_MYNAGAPPALLY|52010018
Sujanpur|959133|CITY_SUJANPUR|52010044
Bagru|726450|CITY_BAGRU|52010035
Ambalakunnu|865130|CITY_AMBALAKUNNU|52010018
Pallikunnu|741681|CITY_PALLIKUNNU|52010018
Sugahi|959040|CITY_SUGAHI|52010044
Karukkankattupudur|912490|CITY_KARUKKANKATTUPUDUR|52010036
Rasikpur|948587|CITY_RASIKPUR|52028057
Dabwala Kalan|886514|CITY_DABWALA_KALAN|52010031
Bara Bazar|871956|CITY_BARA_BAZAR|52028057
Nagardoddi|934234|CITY_NAGARDODDI|52033962
Beko|1355536|CITY_BEKO|52001309
Payyanadam|942971|CITY_PAYYANADAM|52010018
Sangaria|659905|CITY_SANGARIA|52010035
Kalyandurg|726053|CITY_KALYANDURG|52009994
Delol|726156|CITY_DELOL|52010002
Nedumpana|937150|CITY_NEDUMPANA|52010018
Dahigaon|1341467|CITY_DAHIGAON|52001320
Singhpur|1354212|CITY_SINGHPUR|52010044
Jath|726317|CITY_JATH|52001320
Bangabari|871293|CITY_BANGABARI|52001309
Vellanki|966910|CITY_VELLANKI|52009994
Kummariguda|921048|CITY_KUMMARIGUDA|52033962
Gauria|1355629|CITY_GAURIA|52001309
Bhupanapadu|878164|CITY_BHUPANAPADU|52009994
Barbatta|872373|CITY_BARBATTA|52009998
Antarvedipalem|866294|CITY_ANTARVEDIPALEM|52009994
Khertha|916443|CITY_KHERTHA|52028058
Amra|1355484|CITY_AMRA|52001309
Purandarpur|1355837|CITY_PURANDARPUR|52001309
Barari|726106|CITY_BARARI|52009998
Daria|1335165|CITY_DARIA|52024520
Kodihalli|918066|CITY_KODIHALLI|52010011
Sohach|958067|CITY_SOHACH|52024787
Kummera|921055|CITY_KUMMERA|52033962
Ananjanur|865752|CITY_ANANJANUR|52010036
Bodapadu|879946|CITY_BODAPADU|52009994
Puliyarambakkam|945494|CITY_PULIYARAMBAKKAM|52010036
Diksal|891400|CITY_DIKSAL|52001320
Govindapalem|898444|CITY_GOVINDAPALEM|52009994
Amghata|865310|CITY_AMGHATA|52001309
Chak Gokul|881694|CITY_CHAK_GOKUL|52001309
Ragampet|946387|CITY_RAGAMPET|52033962
Masur|1342032|CITY_MASUR|52001320
Maktha|927171|CITY_MAKTHA|52033962
Orumanayur|938709|CITY_ORUMANAYUR|52010018
Birsinghpur|1350947|CITY_BIRSINGHPUR|52010044
Majari|926741|CITY_MAJARI|52010031
Dharhara|609081|CITY_DHARHARA|52009998
Chaitpur|881543|CITY_CHAITPUR|52001309
Dayalpura|888339|CITY_DAYALPURA|52010035
Dholi|1351401|CITY_DHOLI|52010044
Ratangarh|726479|CITY_RATANGARH|52010035
Gopuri|898060|CITY_GOPURI|52001320
Amdanga|865261|CITY_AMDANGA|52001309
Jhanwar|906213|CITY_JHANWAR|52010035
Kacharam|907640|CITY_KACHARAM|52033962
Hardauli|900580|CITY_HARDAULI|52010044
Chirayinkeezhu|885516|CITY_CHIRAYINKEEZHU|52010018
Asifabad|659342|CITY_ASIFABAD|52033962
Ankisettipalle|866180|CITY_ANKISETTIPALLE|52009994
Madansar|925269|CITY_MADANSAR|52010035
Ramannapalem|947510|CITY_RAMANNAPALEM|52009994
Belur|1355542|CITY_BELUR|52001309
Naranpur|1346382|CITY_NARANPUR|52010030
Kutia|922263|CITY_KUTIA|52010044
Ausa|740607|CITY_AUSA|52001320
Godhani|897366|CITY_GODHANI|52001320
Mahabubabad|659343|CITY_MAHABUBABAD|52033962
Chhatrapur|884374|CITY_CHHATRAPUR|52001309
Panpur|1355265|CITY_PANPUR|52028102
Belaswadi|874469|CITY_BELASWADI|52001320
Aliyanilai|864737|CITY_ALIYANILAI|52010036
Lingamgunta|924260|CITY_LINGAMGUNTA|52009994
Pamidi|940258|CITY_PAMIDI|52009994
Moram|932201|CITY_MORAM|52009994
Polivakkam|944953|CITY_POLIVAKKAM|52010036
Kundal|1348554|CITY_KUNDAL|52010035
Bahagalpur|869096|CITY_BAHAGALPUR|52001309
Sangvi|952523|CITY_SANGVI|52001320
Andivalasu|865922|CITY_ANDIVALASU|52010036
Aram|866522|CITY_ARAM|52010044
Dharni|1341530|CITY_DHARNI|52001320
Radhamohanpur|1355838|CITY_RADHAMOHANPUR|52001309
Kottappadi|664968|CITY_KOTTAPPADI|52010018
Patharghata|1355827|CITY_PATHARGHATA|52001309
Kukas|920461|CITY_KUKAS|52010002
Sikandra|726621|CITY_SIKANDRA|52010044
Pottalkadu|945195|CITY_POTTALKADU|52010036
Basubati|873771|CITY_BASUBATI|52001309
Mannanur|929066|CITY_MANNANUR|52033962
Maghi|1352836|CITY_MAGHI|52010044
Koovappady|919159|CITY_KOOVAPPADY|52010018
Maktapur|927169|CITY_MAKTAPUR|52001320
Kuthla|922250|CITY_KUTHLA|52010027
Punnapra|726294|CITY_PUNNAPRA|52010018
Balana|1336566|CITY_BALANA|52010002
Barasahi|872278|CITY_BARASAHI|52010030
Jherli|906390|CITY_JHERLI|52010035
Kushalpura|1348571|CITY_KUSHALPURA|52010035
Budhakhali|880801|CITY_BUDHAKHALI|52001309
Belhi|1350648|CITY_BELHI|52010044
Nabipur|1355796|CITY_NABIPUR|52001309
Harigram|900719|CITY_HARIGRAM|52001309
Ankanpalle|866153|CITY_ANKANPALLE|52033962
Valambur|966311|CITY_VALAMBUR|52010018
Borda|1343181|CITY_BORDA|52010027
Talab Tillo|960629|CITY_TALAB_TILLO|52018194
Rahmatpur|1353710|CITY_RAHMATPUR|52010044
Maredupalle|929500|CITY_MAREDUPALLE|52009994
Savarde|954317|CITY_SAVARDE|52001320
Pingalvada|944113|CITY_PINGALVADA|52010002
Kotul|919962|CITY_KOTUL|52001320
Koilabad|918265|CITY_KOILABAD|52001309
Kalaparru|908944|CITY_KALAPARRU|52009994
Gunj|899237|CITY_GUNJ|52001320
Morai|1336882|CITY_MORAI|52010002
Sarwat|953855|CITY_SARWAT|52010044
Kondimedu|919000|CITY_KONDIMEDU|52010036
Ahiraula|863808|CITY_AHIRAULA|52010044
Chowara|726266|CITY_CHOWARA|52010018
Beawar|726452|CITY_BEAWAR|52010035
Bagafa|868585|CITY_BAGAFA|52010043
Kathalia|913124|CITY_KATHALIA|52010043
Kasarwadi|726321|CITY_KASARWADI|52001320
Gunawati|899068|CITY_GUNAWATI|52010035
Gummuluru|899024|CITY_GUMMULURU|52009994
Mirpur|1347149|CITY_MIRPUR|52010031
Sakatpur|951257|CITY_SAKATPUR|52010044
Idigarai|902760|CITY_IDIGARAI|52010036
Inole|903121|CITY_INOLE|52033962
Nilpur|1347210|CITY_NILPUR|52010031
Muktapur|1353153|CITY_MUKTAPUR|52010044
Girgaon|1341586|CITY_GIRGAON|52001320
Honnahalli|902235|CITY_HONNAHALLI|52010011
Kinwat|740608|CITY_KINWAT|52001320
Maniyanur|928868|CITY_MANIYANUR|52010036
Baramasia|872198|CITY_BARAMASIA|52028057
Karai|1336762|CITY_KARAI|52010002
Mulbagal|726246|CITY_MULBAGAL|52010011
Basudeopur|873772|CITY_BASUDEOPUR|52009998
Koduvilarpatti|918145|CITY_KODUVILARPATTI|52010036
Dhani Majra|889866|CITY_DHANI_MAJRA|52010008
Dumri|1334032|CITY_DUMRI|52009998
Kattakamanpatti|913431|CITY_KATTAKAMANPATTI|52010036
Hotwar|902349|CITY_HOTWAR|52028057
Chikhalgaon|884851|CITY_CHIKHALGAON|52001320
Panvadi|941084|CITY_PANVADI|52001320
Ganganapalli|894887|CITY_GANGANAPALLI|52009994
Imilia|1351866|CITY_IMILIA|52010044
Varchanhalli|966609|CITY_VARCHANHALLI|52010011
Sarai Aurangabad|952988|CITY_SARAI_AURANGABAD|52010008
Anchar|865803|CITY_ANCHAR|52018194
Saraiya|1354024|CITY_SARAIYA|52010044
Tembhurni|962046|CITY_TEMBHURNI|52001320
Upleta|726177|CITY_UPLETA|52010002
Khoda|916717|CITY_KHODA|52010002
Kotli|1337835|CITY_KOTLI|52024787
Gummaluru|899010|CITY_GUMMALURU|52009994
Wyra|967778|CITY_WYRA|52033962
Bhupalapatnam|878160|CITY_BHUPALAPATNAM|52009994
Korakkattur|919234|CITY_KORAKKATTUR|52010036
Jagannath|903681|CITY_JAGANNATH|52001309
Puraina|1353682|CITY_PURAINA|52010044
Sattala|954179|CITY_SATTALA|52009994
Mohadi|931824|CITY_MOHADI|52001320
Rajewadi|947058|CITY_RAJEWADI|52001320
Dayalpur|1338668|CITY_DAYALPUR|52010008
Oragadam|938654|CITY_ORAGADAM|52010036
Bogole|880065|CITY_BOGOLE|52009994
Ghilaua|896493|CITY_GHILAUA|52010044
Paidipalli|939406|CITY_PAIDIPALLI|52033962
Gheora|896466|CITY_GHEORA|52009999
Mudaliarkuppam|932565|CITY_MUDALIARKUPPAM|52010036
Khandala|726323|CITY_KHANDALA|52001320
Mundera|933121|CITY_MUNDERA|52010044
Ram Nagar|947383|CITY_RAM_NAGAR|52010044
Thimmalapura|962805|CITY_THIMMALAPURA|52010011
Hasnapur|1349482|CITY_HASNAPUR|52033962
Ulliyeri|726299|CITY_ULLIYERI|52010018
Shevgaon|726353|CITY_SHEVGAON|52001320
Banakdih|870880|CITY_BANAKDIH|52028058
Jethia|905929|CITY_JETHIA|52001309
Panchpota|940477|CITY_PANCHPOTA|52001309
Dibbanakallu|891186|CITY_DIBBANAKALLU|52009994
Payam|942963|CITY_PAYAM|52010018
Vallioor|966392|CITY_VALLIOOR|52010036
Dinnepalya|891571|CITY_DINNEPALYA|52010011
Sarpai|953679|CITY_SARPAI|52001309
Chhapra|1351138|CITY_CHHAPRA|52010044
Bargachia|872526|CITY_BARGACHIA|52001309
Thazhava|962690|CITY_THAZHAVA|52010018
Jawahir|905799|CITY_JAWAHIR|52010044
Vijaypura|1349304|CITY_VIJAYPURA|52010035
Karamba|1341780|CITY_KARAMBA|52001320
Mohol|743804|CITY_MOHOL|52001320
Eranapuram|893501|CITY_ERANAPURAM|52010036
Taruwala|961608|CITY_TARUWALA|52024787
Sripur|958849|CITY_SRIPUR|52001309
Dapur|887625|CITY_DAPUR|52001320
Vadakarai|966038|CITY_VADAKARAI|52010036
Merta|931145|CITY_MERTA|52010035
Pathri|740611|CITY_PATHRI|52001320
Ponnavarayankottai|945033|CITY_PONNAVARAYANKOTTAI|52010036
Gajsar|894432|CITY_GAJSAR|52010035
Painta|939481|CITY_PAINTA|52001309
Jainpur|1351939|CITY_JAINPUR|52010044
Medha|1342039|CITY_MEDHA|52001320
Penubaka|943214|CITY_PENUBAKA|52009994
Enamadurru|893446|CITY_ENAMADURRU|52009994
Thandewala|962513|CITY_THANDEWALA|52010031
Ponnankuppam|945024|CITY_PONNANKUPPAM|52010036
Dubauli|1351449|CITY_DUBAULI|52010044
Dudhali|892416|CITY_DUDHALI|52028102
Lonand|726330|CITY_LONAND|52001320
Arkhapur|866863|CITY_ARKHAPUR|52010044
Kakraua|908706|CITY_KAKRAUA|52010044
Rajapeth|946962|CITY_RAJAPETH|52001320
Pura|1353680|CITY_PURA|52010044
Bedusupalli|874212|CITY_BEDUSUPALLI|52009994
Venkatesapuram|967089|CITY_VENKATESAPURAM|52010036
Ariyandivalasu|866793|CITY_ARIYANDIVALASU|52010036
Dhari|1336660|CITY_DHARI|52010002
Tareti|961458|CITY_TARETI|52010002
Khaspur|1355732|CITY_KHASPUR|52001309
Himayunpur|901840|CITY_HIMAYUNPUR|52010044
Nellaya|937259|CITY_NELLAYA|52010018
Devarapalem|889029|CITY_DEVARAPALEM|52009994
Edavanakad|738043|CITY_EDAVANAKAD|52010018
Kalegaon|1341729|CITY_KALEGAON|52001320
Awadhpur|867810|CITY_AWADHPUR|52010044
Bagain|868609|CITY_BAGAIN|52024787
Batasingaram|873853|CITY_BATASINGARAM|52033962
Chintalur|885413|CITY_CHINTALUR|52033962
Karadipatti|911438|CITY_KARADIPATTI|52010036
Lakhmi Khera|923004|CITY_LAKHMI_KHERA|52010044
Patul|942826|CITY_PATUL|52001309
Makhdumpur|1352926|CITY_MAKHDUMPUR|52010044
Arungunam|867034|CITY_ARUNGUNAM|52010036
Tighara|963019|CITY_TIGHARA|52010044
Anakkayam|865713|CITY_ANAKKAYAM|52010018
Radhanagari|946346|CITY_RADHANAGARI|52001320
Gollalapalem|897686|CITY_GOLLALAPALEM|52009994
Bhelian|877200|CITY_BHELIAN|52001309
Tahu|960429|CITY_TAHU|52024787
Mallaram|927685|CITY_MALLARAM|52033962
Tiruvambadi|963693|CITY_TIRUVAMBADI|52010018
Kamangarh|909798|CITY_KAMANGARH|52010044
Khejuria|1339934|CITY_KHEJURIA|52028057
Barhara|872615|CITY_BARHARA|52028057
Abburu|863108|CITY_ABBURU|52009994
Matiari|1355786|CITY_MATIARI|52001309
Mohana|931861|CITY_MOHANA|52001309
Atrari|867573|CITY_ATRARI|52010044
Bhaipur|1350726|CITY_BHAIPUR|52010044
Ghaghpur|896105|CITY_GHAGHPUR|52010044
Bharatgaon|876415|CITY_BHARATGAON|52001320
Darphal|887916|CITY_DARPHAL|52001320
Edavanna|893225|CITY_EDAVANNA|52010018
Madarpur|1352806|CITY_MADARPUR|52010044
Dahivadi|886808|CITY_DAHIVADI|52001320
Pimpalgaon|944002|CITY_PIMPALGAON|52001320
Kottala|919898|CITY_KOTTALA|52009994
Mehunwala|930864|CITY_MEHUNWALA|52028102
Ramanpur|947516|CITY_RAMANPUR|52010044
Ragolu|946490|CITY_RAGOLU|52009994
Kottappalli|919927|CITY_KOTTAPPALLI|52010018
Kukkalapalle|920481|CITY_KUKKALAPALLE|52009994
Perambra|740603|CITY_PERAMBRA|52010018
Papnamau|941165|CITY_PAPNAMAU|52010044
Sonapatti|958414|CITY_SONAPATTI|52001309
Khulna|917044|CITY_KHULNA|52001309
Udapur|1342434|CITY_UDAPUR|52001320
Dola|1354842|CITY_DOLA|52028102
Mustipalli|1349666|CITY_MUSTIPALLI|52033962
Mukundarayapuram|932907|CITY_MUKUNDARAYAPURAM|52010036
Gundalapeta|899087|CITY_GUNDALAPETA|52009994
Kodigehalli|918061|CITY_KODIGEHALLI|52010011
Mahmudpur Tigri|926285|CITY_MAHMUDPUR_TIGRI|52010044
Barauna|872323|CITY_BARAUNA|52010044
Machupalle|925159|CITY_MACHUPALLE|52009994
Gangulapalem|895062|CITY_GANGULAPALEM|52009994
Birati|879339|CITY_BIRATI|52001309
Somta|664980|CITY_SOMTA|52001320
Achalu|863210|CITY_ACHALU|52010011
Dared|887735|CITY_DARED|52010002
Viravada|967327|CITY_VIRAVADA|52009994
Chak Mahni|881779|CITY_CHAK_MAHNI|52010044
Haripuram|900781|CITY_HARIPURAM|52009994
Ahmedgarh|863861|CITY_AHMEDGARH|52010031
Sangrampur|1354000|CITY_SANGRAMPUR|52010044
Bommanal|880225|CITY_BOMMANAL|52010011
Gosan|898300|CITY_GOSAN|52024787
Kuhuboto|920395|CITY_KUHUBOTO|52024792
Bokadvira|880126|CITY_BOKADVIRA|52001320
Kabnur|907599|CITY_KABNUR|52001320
Dafi|886656|CITY_DAFI|52010044
Kanhalli|910685|CITY_KANHALLI|52010011
Pidaparru|943856|CITY_PIDAPARRU|52009994
Warud|726367|CITY_WARUD|52001320
Narsimlapalli|936426|CITY_NARSIMLAPALLI|52033962
Barnia|1355529|CITY_BARNIA|52001309
Pambankulam|940247|CITY_PAMBANKULAM|52010036
Madpur|925612|CITY_MADPUR|52001309
Mulavana|932962|CITY_MULAVANA|52010018
Akaram|864160|CITY_AKARAM|52033962
Mokila|932077|CITY_MOKILA|52033962
Chigurupadu|884813|CITY_CHIGURUPADU|52009994
Sirmatpur|957476|CITY_SIRMATPUR|52009998
Chagal|881450|CITY_CHAGAL|52033962
Bagchi|868670|CITY_BAGCHI|52001309
Bhagatpur|1337246|CITY_BHAGATPUR|52024787
Pakhal|939601|CITY_PAKHAL|52010008
Rayate|949119|CITY_RAYATE|52001320
Mayannur|930631|CITY_MAYANNUR|52010018
Barsat|1338517|CITY_BARSAT|52010008
Patuli|1355830|CITY_PATULI|52001309
Pachama|1345113|CITY_PACHAMA|52010027
Antamau|866277|CITY_ANTAMAU|52010044
Kakarlapadu|908574|CITY_KAKARLAPADU|52009994
Chunchura|726642|CITY_CHUNCHURA|52001309
Nallagonda|935380|CITY_NALLAGONDA|52033962
Rakkar|947302|CITY_RAKKAR|52024787
Domlur|726234|CITY_DOMLUR|52010011
Khampur|1336513|CITY_KHAMPUR|52009999
Ajjaram|864083|CITY_AJJARAM|52009994
Ramapur|1353768|CITY_RAMAPUR|52010044
Kosgi|726502|CITY_KOSGI|52033962
Palsaura|940161|CITY_PALSAURA|52024520
Takipur|1355916|CITY_TAKIPUR|52001309
Pipra|1334822|CITY_PIPRA|52009998
Amlataria|865433|CITY_AMLATARIA|52001309
Zahirabad|968099|CITY_ZAHIRABAD|52033962
Urakam|965700|CITY_URAKAM|52010018
West Mambalam|967756|CITY_WEST_MAMBALAM|52010036
Desaipalli|888874|CITY_DESAIPALLI|52033962
Ekrukha|893342|CITY_EKRUKHA|52001320
Vellamunda|966905|CITY_VELLAMUNDA|52010018
Purakkad|945782|CITY_PURAKKAD|52010018
Madhipura|925449|CITY_MADHIPURA|52009998
Captainganj|881359|CITY_CAPTAINGANJ|52010044
Mankur|929033|CITY_MANKUR|52001309
Elamkunnapuzha|740599|CITY_ELAMKUNNAPUZHA|52010018
Vallikunnu|966391|CITY_VALLIKUNNU|52010018
Madharam|925420|CITY_MADHARAM|52033962
Machapur|1349591|CITY_MACHAPUR|52033962
Chuli|886177|CITY_CHULI|52010035
Nagondapalli|934884|CITY_NAGONDAPALLI|52010036
Moinabad|932019|CITY_MOINABAD|52033962
Konasandra|918847|CITY_KONASANDRA|52010011
Dondapudi|892054|CITY_DONDAPUDI|52009994
Fatehpur Chaurasi|726595|CITY_FATEHPUR_CHAURASI|52010044
Torna|1337054|CITY_TORNA|52010002
Nuh|659361|CITY_NUH|52010008
Gunda|1336701|CITY_GUNDA|52010002
Tehna|961823|CITY_TEHNA|52010031
Konch|1352553|CITY_KONCH|52010044
Baroli|873031|CITY_BAROLI|52010027
Kalana|1336751|CITY_KALANA|52010002
Bhiti|877604|CITY_BHITI|52010044
Narsara|1348818|CITY_NARSARA|52010035
Kistapur|917808|CITY_KISTAPUR|52033962
Gettur|896071|CITY_GETTUR|52010036
Bijwasan|741532|CITY_BIJWASAN|52009999
Neemrana|726473|CITY_NEEMRANA|52010035
Pallikaranai|940079|CITY_PALLIKARANAI|52010036
Kirtipur|1355737|CITY_KIRTIPUR|52001309
Majharia|1334560|CITY_MAJHARIA|52009998
Sikandarpur|1354182|CITY_SIKANDARPUR|52010044
Ramachandrapur|947408|CITY_RAMACHANDRAPUR|52010030
Mamdapur|927935|CITY_MAMDAPUR|52001320
Manikpur|1353000|CITY_MANIKPUR|52010044
Nellikunnu|937267|CITY_NELLIKUNNU|52010018
Bhikhampur|1350834|CITY_BHIKHAMPUR|52010044
Tikri Khurd|1336525|CITY_TIKRI_KHURD|52009999
Tikar|1338363|CITY_TIKAR|52024787
Achangi|863220|CITY_ACHANGI|52010011
Rajpali|947159|CITY_RAJPALI|52010035
Auri|1350200|CITY_AURI|52010044
Burul|1355574|CITY_BURUL|52001309
Ramayampet|726512|CITY_RAMAYAMPET|52033962
Channenahalli|883012|CITY_CHANNENAHALLI|52010011
Jitwarpur|906884|CITY_JITWARPUR|52009998
Yadehalli|967804|CITY_YADEHALLI|52010011
Denduluru|737833|CITY_DENDULURU|52009994
Addepalli|863385|CITY_ADDEPALLI|52009994
Ikkarai Boluvampatti|902805|CITY_IKKARAI_BOLUVAMPATTI|52010036
Kodurupadu|918141|CITY_KODURUPADU|52009994
Unnikulam|965544|CITY_UNNIKULAM|52010018
Chodavaram|726044|CITY_CHODAVARAM|52009994
Gordhanpura|1348158|CITY_GORDHANPURA|52010035
Sarapaka|953233|CITY_SARAPAKA|52033962
Nagbhir|934307|CITY_NAGBHIR|52001320
Digoi|891320|CITY_DIGOI|52010044
Banjaria|1333648|CITY_BANJARIA|52009998
Khandri|915301|CITY_KHANDRI|52010044
Katol|726322|CITY_KATOL|52001320
Gokalpura|1336691|CITY_GOKALPURA|52010002
Lachhmangarh|922497|CITY_LACHHMANGARH|52010035
Hat Saraiya|901228|CITY_HAT_SARAIYA|52009998
Balianta|870309|CITY_BALIANTA|52010030
Gundlapalem|899150|CITY_GUNDLAPALEM|52009994
Bahl|869222|CITY_BAHL|52024787
Karikkad|912013|CITY_KARIKKAD|52010018
Papora|1345204|CITY_PAPORA|52010027
Kondasamudram|918948|CITY_KONDASAMUDRAM|52010036
Bharwain|876662|CITY_BHARWAIN|52024787
Dahagaon|886736|CITY_DAHAGAON|52001320
Jamgaon|904664|CITY_JAMGAON|52001320
Garhi|1348118|CITY_GARHI|52010035
Lodha|1348601|CITY_LODHA|52010035
Katrenipadu|913398|CITY_KATRENIPADU|52009994
Challakere|882173|CITY_CHALLAKERE|52010011
Karunguli|726538|CITY_KARUNGULI|52010036
Hathipura|901332|CITY_HATHIPURA|52010002
Damannapet|887153|CITY_DAMANNAPET|52033962
Mokeri|932059|CITY_MOKERI|52010018
Chippili|885458|CITY_CHIPPILI|52009994
Nazirpur|937120|CITY_NAZIRPUR|52001309
Veldi|966842|CITY_VELDI|52033962
Umria|965442|CITY_UMRIA|52010027
Majida|926899|CITY_MAJIDA|52001309
Puthiyangadi|743821|CITY_PUTHIYANGADI|52010018
Colachel|886353|CITY_COLACHEL|52010036
Velagapudi|966793|CITY_VELAGAPUDI|52009994
Bhulki|1350867|CITY_BHULKI|52010044
Daldali|1355595|CITY_DALDALI|52001309
Puraini|945774|CITY_PURAINI|52009998
Manegaon|928446|CITY_MANEGAON|52001320
Turkaha|964580|CITY_TURKAHA|52009998
Karthikappally|912464|CITY_KARTHIKAPPALLY|52010018
Barhi|872649|CITY_BARHI|52028057
Belgaon|1341325|CITY_BELGAON|52001320
Poyyamani|945222|CITY_POYYAMANI|52010036
Chikkanankuppam|884893|CITY_CHIKKANANKUPPAM|52010036
Siswa|1354237|CITY_SISWA|52010044
Akoti|864359|CITY_AKOTI|52010002
Lahsari|922814|CITY_LAHSARI|52010044
Kanjale|910799|CITY_KANJALE|52010011
Ummalada|965393|CITY_UMMALADA|52009994
Bishanpur|1354728|CITY_BISHANPUR|52028102
Himmatpura|1348215|CITY_HIMMATPURA|52010035
Munipampula|933306|CITY_MUNIPAMPULA|52033962
Asakapalle|867090|CITY_ASAKAPALLE|52009994
Chungathara|886224|CITY_CHUNGATHARA|52010018
Kottur|1349565|CITY_KOTTUR|52033962
Borkhedi|1343189|CITY_BORKHEDI|52010027
Becharaji|740540|CITY_BECHARAJI|52010002
Jamua|904851|CITY_JAMUA|52028057
Chinnaserpadi|885343|CITY_CHINNASERPADI|52010036
Sankarapuram|726564|CITY_SANKARAPURAM|52010036
Dhakpura|889426|CITY_DHAKPURA|52010044
Hansrajpur|900335|CITY_HANSRAJPUR|52010044
Keeramangalam|913859|CITY_KEERAMANGALAM|52010036
Santpur|1349078|CITY_SANTPUR|52010035
Akhepura|864244|CITY_AKHEPURA|52010035
Valavilai|966356|CITY_VALAVILAI|52010036
Khanpura|1348457|CITY_KHANPURA|52010035
Jandpur|905047|CITY_JANDPUR|52010031
Udupa|965002|CITY_UDUPA|52010030
Madar|744070|CITY_MADAR|52010044
Kothur|1349563|CITY_KOTHUR|52033962
Pokhar Bhinda|1353664|CITY_POKHAR_BHINDA|52010044
Lingavaram|924299|CITY_LINGAVARAM|52009994
Abhepur|863160|CITY_ABHEPUR|52010008
Kakrala|908695|CITY_KAKRALA|52010044
Keorakhali|914128|CITY_KEORAKHALI|52001309
Chennapuram|883923|CITY_CHENNAPURAM|52033962
Shapur|1349790|CITY_SHAPUR|52033962
Kondale|918895|CITY_KONDALE|52001320
Adabala|863287|CITY_ADABALA|52010035
Annamalainagar|726523|CITY_ANNAMALAINAGAR|52010036
Dheksara|890530|CITY_DHEKSARA|52009998
Garu|1339756|CITY_GARU|52028057
Bhasmehr|876698|CITY_BHASMEHR|52024787
Suraj Nagar|664984|CITY_SURAJ_NAGAR|52010027
Somanhalli|958278|CITY_SOMANHALLI|52010011
Ambalakaranpatti|865129|CITY_AMBALAKARANPATTI|52010036
Sakvad|951435|CITY_SAKVAD|52001320
Kharsundi|915922|CITY_KHARSUNDI|52001320
Harohalli|900951|CITY_HAROHALLI|52010011
Chupki|886249|CITY_CHUPKI|52010031
Adavi Kotturu|863363|CITY_ADAVI_KOTTURU|52009994
Muddanahalli|932595|CITY_MUDDANAHALLI|52010011
Silapathar|956551|CITY_SILAPATHAR|52009997
Konur|919151|CITY_KONUR|52010036
Baramunda|872214|CITY_BARAMUNDA|52010030
Salalpur|951502|CITY_SALALPUR|52001309
Kumari|1348549|CITY_KUMARI|52010035
Mailaram|926632|CITY_MAILARAM|52033962
Maholi|738191|CITY_MAHOLI|52010044
Kodoth|918117|CITY_KODOTH|52010018
Gurgawan|1351736|CITY_GURGAWAN|52010044
Degaon|1341492|CITY_DEGAON|52001320
Rajagopalapuram|1333290|CITY_RAJAGOPALAPURAM|52009994
Dharti Dand|890348|CITY_DHARTI_DAND|52010044
Hasainpur|901122|CITY_HASAINPUR|52010031
Chellampatti|883845|CITY_CHELLAMPATTI|52010036
Mobiripatti|931722|CITY_MOBIRIPATTI|52010036
Magdi|925730|CITY_MAGDI|52033962
Tungi|1355926|CITY_TUNGI|52001309
Kistampet|917807|CITY_KISTAMPET|52033962
Singaram|957029|CITY_SINGARAM|52033962
Khandad|915225|CITY_KHANDAD|52001320
Narharpur|936267|CITY_NARHARPUR|52010044
Majidpur|1349609|CITY_MAJIDPUR|52033962
Latteri|923842|CITY_LATTERI|52010036
Mulad|932916|CITY_MULAD|52010002
Katghara|1352319|CITY_KATGHARA|52010044
Dobhi|1351435|CITY_DOBHI|52010044
Mamipur|927963|CITY_MAMIPUR|52010044
Vaslai|966682|CITY_VASLAI|52001320
Kudchi|920290|CITY_KUDCHI|52010011
Bhadane|875209|CITY_BHADANE|52001320
Boinchi|880100|CITY_BOINCHI|52001309
Cherlapalli|883986|CITY_CHERLAPALLI|52033962
Manavadi|928138|CITY_MANAVADI|52010036
Baizapur|869623|CITY_BAIZAPUR|52010044
Sunguvarchatram|959715|CITY_SUNGUVARCHATRAM|52010036
Sunna|1354325|CITY_SUNNA|52010044
Malout|659935|CITY_MALOUT|52010031
Thakurbari|962408|CITY_THAKURBARI|52001309
Machavaram|925064|CITY_MACHAVARAM|52009994
Vinjamur|726084|CITY_VINJAMUR|52009994
Penta|943210|CITY_PENTA|52009994
Gajipur|1351542|CITY_GAJIPUR|52010044
Nagzari|934957|CITY_NAGZARI|52001320
Rangapahar|948172|CITY_RANGAPAHAR|52024792
Chaital|881537|CITY_CHAITAL|52001309
Chakarpur|881978|CITY_CHAKARPUR|52010044
Bhataura|1350796|CITY_BHATAURA|52010044
Dadha|1351201|CITY_DADHA|52010044
Hamidpur|1348190|CITY_HAMIDPUR|52010035
Rangpur|1336957|CITY_RANGPUR|52010002
Satuluru|954201|CITY_SATULURU|52009994
Mohal|931829|CITY_MOHAL|52024787
Attibele|726224|CITY_ATTIBELE|52010011
Dhakeri|889394|CITY_DHAKERI|52009997
Baireddipalle|869551|CITY_BAIREDDIPALLE|52009994
Kumarapettai|920818|CITY_KUMARAPETTAI|52010036
Choudwar|886066|CITY_CHOUDWAR|52010030
Ganapathipuram|894632|CITY_GANAPATHIPURAM|52010036
Bangarupalem|871341|CITY_BANGARUPALEM|52009994
Lagadapadu|922670|CITY_LAGADAPADU|52009994
Jaganathapuram|903669|CITY_JAGANATHAPURAM|52010036
Acharlagudem|863229|CITY_ACHARLAGUDEM|52033962
Sonnathadi|958603|CITY_SONNATHADI|52001320
Balirampur|1341289|CITY_BALIRAMPUR|52001320
Pararauna|941348|CITY_PARARAUNA|52009998
Peli|1340636|CITY_PELI|52018194
Narasannapalem|936082|CITY_NARASANNAPALEM|52009994
Barunhat|873233|CITY_BARUNHAT|52001309
Bhopani|877866|CITY_BHOPANI|52010008
Dhobni|890771|CITY_DHOBNI|52028057
Sikhrani|956435|CITY_SIKHRANI|52010044
Mundla Husain|933198|CITY_MUNDLA_HUSAIN|52010027
Kaliyaganj|909279|CITY_KALIYAGANJ|52001309
Mathania|1348722|CITY_MATHANIA|52010035
Saini|1353942|CITY_SAINI|52010044
Mahiravani|926217|CITY_MAHIRAVANI|52001320
Bhagwatpur|875593|CITY_BHAGWATPUR|52009998
Adhe|1341179|CITY_ADHE|52001320
Songaon|1342365|CITY_SONGAON|52001320
Janwal|905272|CITY_JANWAL|52001320
Chautara|1355586|CITY_CHAUTARA|52001309
Palwali|940220|CITY_PALWALI|52010008
Pachrukhi|1334738|CITY_PACHRUKHI|52009998
Dudu|892507|CITY_DUDU|52010035
Girmapur|897172|CITY_GIRMAPUR|52033962
Behta Chand|874320|CITY_BEHTA_CHAND|52010044
Bayanpur|1338536|CITY_BAYANPUR|52010008
Andoo|865939|CITY_ANDOO|52018194
Uran|726362|CITY_URAN|52001320
Barauni|872330|CITY_BARAUNI|52009998
Chichala|884738|CITY_CHICHALA|52001320
Dihawa|891367|CITY_DIHAWA|52010044
Puranpur|726612|CITY_PURANPUR|52010044
Mhaswad|1398985|CITY_MHASWAD|52001320
Dhanegaon|1341518|CITY_DHANEGAON|52001320
Mustial|933772|CITY_MUSTIAL|52033962
Chaudhripur|883544|CITY_CHAUDHRIPUR|52010044
Ukhlarsi|965130|CITY_UKHLARSI|52010044
Jamodi|904775|CITY_JAMODI|52010027
Ullur|965250|CITY_ULLUR|52010036
Sikrauri|956480|CITY_SIKRAURI|52010044
Velivarru|966859|CITY_VELIVARRU|52009994
Khariya|915787|CITY_KHARIYA|52010035
Pindara|1339200|CITY_PINDARA|52010008
Murkata|933543|CITY_MURKATA|52009997
Timmapuram|1333349|CITY_TIMMAPURAM|52009994
Barkheda|872858|CITY_BARKHEDA|52010027
Goura|898414|CITY_GOURA|52010044
Diha|1351420|CITY_DIHA|52010044
Tarphara|961570|CITY_TARPHARA|52010044
Trikkandiyur|726298|CITY_TRIKKANDIYUR|52010018
Kolegaon|918500|CITY_KOLEGAON|52001320
Marha|1353035|CITY_MARHA|52010044
Hatgachha|901262|CITY_HATGACHHA|52001309
Nemmeli|937306|CITY_NEMMELI|52010036
Arasapatti|866601|CITY_ARASAPATTI|52010036
Baberu|867997|CITY_BABERU|52010044
Sathwa|954059|CITY_SATHWA|52010044
Kalipahari|1348354|CITY_KALIPAHARI|52010035
Tallapalem|960807|CITY_TALLAPALEM|52009994
Ravigudem|948987|CITY_RAVIGUDEM|52009994
Karbi Anglong|741857|CITY_KARBI_ANGLONG|52009997
Deulgaon Raja|743783|CITY_DEULGAON_RAJA|52001320
Hingalganj|901897|CITY_HINGALGANJ|52001309
Kotla|1337834|CITY_KOTLA|52024787
Nawabganj|1353334|CITY_NAWABGANJ|52010044
Khurunti|917213|CITY_KHURUNTI|52010030
Nidamarru|937566|CITY_NIDAMARRU|52009994
Bhokarwadi|877772|CITY_BHOKARWADI|52001320
Kollengode|918617|CITY_KOLLENGODE|52010018
Vallikunnam|966390|CITY_VALLIKUNNAM|52010018
Vadakuthu|966064|CITY_VADAKUTHU|52010036
Wangi|967621|CITY_WANGI|52001320
Maniyur|928871|CITY_MANIYUR|52010018
Kerakatpur|914166|CITY_KERAKATPUR|52010044
Shivapur|955894|CITY_SHIVAPUR|52010011
Kulgachi|920653|CITY_KULGACHI|52001309
Budagavi|880726|CITY_BUDAGAVI|52009994
Dera|1338673|CITY_DERA|52010008
Lohapur|924499|CITY_LOHAPUR|52001309
Malerna|927422|CITY_MALERNA|52010008
Arail|866483|CITY_ARAIL|52010044
Chiranellur|885495|CITY_CHIRANELLUR|52010018
Chikni|884934|CITY_CHIKNI|52009998
Semlia|1349119|CITY_SEMLIA|52010035
Animur|866079|CITY_ANIMUR|52010036
Kakoria|1338869|CITY_KAKORIA|52010008
Kolgaon|918507|CITY_KOLGAON|52001320
Arakulam|866502|CITY_ARAKULAM|52010018
Bhatta Bazar|876927|CITY_BHATTA_BAZAR|52009998
Aneg Behta|865968|CITY_ANEG_BEHTA|52010044
Akkivaram|864311|CITY_AKKIVARAM|52009994
Ambheti|865210|CITY_AMBHETI|52010002
Manimangalam|928839|CITY_MANIMANGALAM|52010036
Atturkuppam|867634|CITY_ATTURKUPPAM|52010036
Kufri|920372|CITY_KUFRI|52024787
Datpadi|888153|CITY_DATPADI|52001320
Uchhali|964788|CITY_UCHHALI|52010002
Bhikampur|1350832|CITY_BHIKAMPUR|52010044
Karoli|1348415|CITY_KAROLI|52010035
Mamillapalle|927962|CITY_MAMILLAPALLE|52009994
Shujalpur|726402|CITY_SHUJALPUR|52010027
Govardhanpur|898425|CITY_GOVARDHANPUR|52010044
Takia|1340692|CITY_TAKIA|52018194
Balaramapuram|870116|CITY_BALARAMAPURAM|52009994
Bellur|1340760|CITY_BELLUR|52010011
Pukhru|945404|CITY_PUKHRU|52024787
Kukri|1352605|CITY_KUKRI|52010044
Kumbhari|920898|CITY_KUMBHARI|52001320
Gnaramvilai|741119|CITY_GNARAMVILAI|52010036
Malaiyanur|0|CITY_MALAIYANUR|52010036
Barrackpur - Ii|0|CITY_BARRACKPUR_-_II|52001309
